Project,Package,Smell,Description,Rationale
group04,<All packages>,Dense Structure, The tool detected the smell because all the analyzed components exhibit excessive and dense dependencies among themselves. Average degree = 6.0. All the dependencies among components: from: com.group4.backend.controller.upload to: com.group4.backend.service.media; from: com.group4.backend.controller.upload to: com.group4.backend.repository.user; from: com.group4.backend.controller.upload to: com.group4.backend.security; from: com.group4.backend.controller to: com.group4.backend.service.auth; from: com.group4.backend.controller to: com.group4.backend.dto.auth; from: com.group4.backend.controller to: com.group4.backend.exception; from: com.group4.backend.controller to: com.group4.backend.service.profile; from: com.group4.backend.controller to: com.group4.backend.model; from: com.group4.backend.controller to: com.group4.backend.dto.profile; from: com.group4.backend.controller to: com.group4.backend.repository.user; from: com.group4.backend.controller to: com.group4.backend.service.ai; from: com.group4.backend.controller to: com.group4.backend.service.campaign; from: com.group4.backend.controller to: com.group4.backend.dto.invitation; from: com.group4.backend.controller to: com.group4.backend.service.payment; from: com.group4.backend.controller to: com.group4.backend.dto.payment; from: com.group4.backend.controller to: com.group4.backend.dto.rating; from: com.group4.backend.controller to: com.group4.backend.service.admin; from: com.group4.backend.controller to: com.group4.backend.service.user; from: com.group4.backend.controller to: com.group4.backend.dto; from: com.group4.backend.controller to: com.group4.backend.dto.campaign; from: com.group4.backend.controller to: com.group4.backend.security; from: com.group4.backend.dto.admin to: com.group4.backend.model; from: com.group4.backend.dto.auth to: com.group4.backend.model; from: com.group4.backend.dto.campaign to: com.group4.backend.model; from: com.group4.backend.dto.invitation to: com.group4.backend.model; from: com.group4.backend.dto.invitation to: com.group4.backend.dto.campaign; from: com.group4.backend.dto.payment to: com.group4.backend.model; from: com.group4.backend.dto.profile to: com.group4.backend.model; from: com.group4.backend.dto to: com.group4.backend.model; from: com.group4.backend.config.init to: com.group4.backend.repository.user; from: com.group4.backend.config.init to: com.group4.backend.repository.campaign; from: com.group4.backend.config.init to: com.group4.backend.repository.payment; from: com.group4.backend.config.init to: com.group4.backend.repository.profile; from: com.group4.backend.config.init to: com.group4.backend.model; from: com.group4.backend.config.security to: com.group4.backend.repository.user; from: com.group4.backend.config.security to: com.group4.backend.security; from: com.group4.backend.config.security to: com.group4.backend.model; from: com.group4.backend.repository.campaign to: com.group4.backend.model; from: com.group4.backend.repository.payment to: com.group4.backend.model; from: com.group4.backend.repository.user to: com.group4.backend.model; from: com.group4.backend.service.ai to: com.group4.backend.repository.campaign; from: com.group4.backend.service.ai to: com.group4.backend.repository.profile; from: com.group4.backend.service.ai to: com.group4.backend.model; from: com.group4.backend.service.ai to: com.group4.backend.dto.profile; from: com.group4.backend.service.auth to: com.group4.backend.repository.user; from: com.group4.backend.service.auth to: com.group4.backend.service.email; from: com.group4.backend.service.auth to: com.group4.backend.model; from: com.group4.backend.service.auth to: com.group4.backend.security; from: com.group4.backend.service.auth to: com.group4.backend.dto.auth; from: com.group4.backend.service.campaign to: com.group4.backend.repository.campaign; from: com.group4.backend.service.campaign to: com.group4.backend.repository.payment; from: com.group4.backend.service.campaign to: com.group4.backend.repository.user; from: com.group4.backend.service.campaign to: com.group4.backend.repository.profile; from: com.group4.backend.service.campaign to: com.group4.backend.model; from: com.group4.backend.service.campaign to: com.group4.backend.dto.invitation; from: com.group4.backend.service.campaign to: com.group4.backend.dto; from: com.group4.backend.service.campaign to: com.group4.backend.dto.campaign; from: com.group4.backend.service.payment to: com.group4.backend.repository.payment; from: com.group4.backend.service.payment to: com.group4.backend.repository.campaign; from: com.group4.backend.service.payment to: com.group4.backend.dto.payment; from: com.group4.backend.service.payment to: com.group4.backend.model; from: com.group4.backend.service.profile to: com.group4.backend.model; from: com.group4.backend.service.profile to: com.group4.backend.repository.profile; from: com.group4.backend.service.profile to: com.group4.backend.repository.campaign; from: com.group4.backend.service.profile to: com.group4.backend.dto.rating; from: com.group4.backend.service.profile to: com.group4.backend.repository.user; from: com.group4.backend.service.profile to: com.group4.backend.dto.profile; from: com.group4.backend.service.user to: com.group4.backend.repository.user; from: com.group4.backend.service.user to: com.group4.backend.repository.profile; from: com.group4.backend.service.user to: com.group4.backend.dto.profile; from: com.group4.backend.service.user to: com.group4.backend.model; from: com.group4.backend.service.user to: com.group4.backend.service.email; from: com.group4.backend.service.user to: com.group4.backend.dto.admin; from: com.group4.backend.service.admin to: com.group4.backend.repository.user; from: com.group4.backend.service.admin to: com.group4.backend.repository.campaign; from: com.group4.backend.service.admin to: com.group4.backend.repository.payment; from: com.group4.backend.service.admin to: com.group4.backend.model; from: com.group4.backend.service to: com.group4.backend.service.ai; from: com.group4.backend.service to: com.group4.backend.repository.user; from: com.group4.backend.service to: com.group4.backend.service.email; from: com.group4.backend.service to: com.group4.backend.service.auth; from: com.group4.backend.service to: com.group4.backend.model; from: com.group4.backend.service to: com.group4.backend.service.profile; from: com.group4.backend.service to: com.group4.backend.repository.campaign; from: com.group4.backend.service to: com.group4.backend.repository.payment; from: com.group4.backend.service to: com.group4.backend.service.admin; from: com.group4.backend.service to: com.group4.backend.security; from: com.group4.backend.service to: com.group4.backend.dto.auth; from: com.group4.backend.service to: com.group4.backend.repository.profile; from: com.group4.backend.service to: com.group4.backend.service.campaign; from: com.group4.backend.service to: com.group4.backend.service.media; from: com.group4.backend.service to: com.group4.backend.dto.rating; from: com.group4.backend.service to: com.group4.backend.dto.profile; from: com.group4.backend.service to: com.group4.backend.dto.invitation; from: com.group4.backend.service to: com.group4.backend.dto.campaign; from: com.group4.backend.service to: com.group4.backend.dto; from: com.group4.backend.service to: com.group4.backend.service.payment; from: com.group4.backend.service to: com.group4.backend.dto.payment; from: com.group4.backend.service to: com.group4.backend.exception; from: com.group4.backend.service to: com.group4.backend.service.user; from: com.group4.backend.integration to: com.group4.backend.dto.admin; from: com.group4.backend.integration to: com.group4.backend.dto.auth; from: com.group4.backend.integration to: com.group4.backend.repository.user; from: com.group4.backend.integration to: com.group4.backend.model; from: com.group4.backend.integration to: com.group4.backend.dto.profile; from: com.group4.backend.integration to: com.group4.backend.dto.campaign; from: com.group4.backend.integration to: com.group4.backend.dto.invitation; from: com.group4.backend.integration to: com.group4.backend.dto; from: com.group4.backend.integration to: com.group4.backend.service.ai; from: com.group4.backend.integration to: com.group4.backend.dto.payment; from: com.group4.backend.integration to: com.group4.backend.dto.rating.,"Not refactored. High connectivity is expected in a layered Spring monolith (controller-service-repository-model); meaningful reduction would require modular boundaries or splitting deployments, which is out of scope for this iteration."
group04,com.group4.backend.controller,Feature Concentration,The tool detected the smell in this component because the component realizes more than one architectural concern/feature. Independent sets of related classes within this component are: [AuthController]; [BrandProfileController; CurrentUserProvider; InfluencerProfileController; InvitationController; PaymentController; RatingController; CollaborationsController; UserController; CampaignController; InfluencerProfileControllerTest; PaymentControllerTest; RatingControllerTest; UserControllerTest; CampaignControllerTest; BrandProfileControllerTest; InvitationControllerTest; ProfileVerificationTest; SocialLinkVerificationTest; CollaborationsControllerTest]; [AdminController]; [AuthControllerTest]; [AdminControllerTest]. LCC (Lack of Component Cohesion) = 0.22,"Refactored. Flat com.group4.backend.controller was split into feature subpackages (auth, admin, campaign, payment, profile, user) plus controller.support for CurrentUserProvider. Re-run the architecture tool; the original flat package no longer exists."
group04,com.group4.backend.dto.admin,Feature Concentration,The tool detected the smell in this component because the component realizes more than one architectural concern/feature. Independent sets of related classes within this component are: [AdminActiveCollaborationDto]; [AdminDashboardResponse]; [AdminRecentSignupDto]; [AdminUserPageResponse]; [AdminUserSummaryDto]; [AdminUserUpdateRequest]; [AdminVerificationProcessRequest]; [AdminVerificationRequestDto]. LCC (Lack of Component Cohesion) = 1.0,Not refactored. LCC is high because DTO classes do not call each other; the package is already cohesive by admin subdomain. Further splits would not improve behavior and mainly satisfy the metric.
group04,com.group4.backend.dto.auth,Feature Concentration,The tool detected the smell in this component because the component realizes more than one architectural concern/feature. Independent sets of related classes within this component are: [AuthResponse]; [LoginRequest]; [RegisterResponse]; [ResetPasswordRequest]; [SignupRequest]; [SignupResponse]; [TokenRequest]. LCC (Lack of Component Cohesion) = 1.0,Not refactored. Same rationale as dto.admin: DTOs are grouped by auth concern; low internal coupling is normal and not a design defect.
group04,com.group4.backend.dto.invitation,Unstable Dependency,The tool detected the smell in this component because this component depends on other components that are less stable than itself. This component depends on following less stable component(s): com.group4.backend.dto.campaign,Refactored. InvitationDetailResponse no longer depends on dto.campaign; InvitationCampaignView in dto.invitation preserves JSON shape and mapping lives in InvitationService.
group04,com.group4.backend.dto.invitation,Feature Concentration,The tool detected the smell in this component because the component realizes more than one architectural concern/feature. Independent sets of related classes within this component are: [InvitationRequest]; [NegotiationRequest]; [RespondRequest]; [UpdateInvitationRequest]; [InvitationDetailResponse]; [InvitationResponse]. LCC (Lack of Component Cohesion) = 1.0,Not refactored. Invitation DTOs are related by workflow but rarely reference each other; the tool reports many isolated clusters (LCC=1.0). No further package split was justified.
group04,com.group4.backend.dto.profile,Feature Concentration,The tool detected the smell in this component because the component realizes more than one architectural concern/feature. Independent sets of related classes within this component are: [BrandProfileRequest]; [CollaborationAvailabilityRequest]; [InfluencerProfileRequest]; [InfluencerRecommendationDTO]; [InfluencerSearchResult]; [SocialLinkRequest]; [BrandProfileResponse]; [InfluencerProfileResponse]. LCC (Lack of Component Cohesion) = 1.0,Not refactored. Profile-related request/response types naturally sit in one package; graph-based cohesion does not apply well to passive DTOs.
group04,com.group4.backend.dto,Feature Concentration,The tool detected the smell in this component because the component realizes more than one architectural concern/feature. Independent sets of related classes within this component are: [DeliverableUpdateRequest]; [VerificationStatusResponse]; [DtoBranchCoverageTest]; [DtoBranchCoverageTest.SignupRequestAllowedRole]; [DtoBranchCoverageTest.SignupRequestAccessors]; [DtoBranchCoverageTest.MultiArgConstructors]; [DtoBranchCoverageTest.BooleanFlagAccessors]; [DtoBranchCoverageTest.ReflectiveBeanRoundTrips]. LCC (Lack of Component Cohesion) = 1.0,Not refactored. Root dto mixes a few cross-cutting DTOs with test support classes in the same logical component; splitting tests to another package for metrics alone was rejected as low value.
group04,com.group4.backend.model,Feature Concentration,The tool detected the smell in this component because the component realizes more than one architectural concern/feature. Independent sets of related classes within this component are: [BudgetRange; Campaign; CampaignGoal; CampaignStatus; BrandProfile]; [InvitationStatus; CollaborationInvitation; DeliverableStatus]; [Payment; PaymentStatus]; [PendingSignup; Role; User; ModelBranchCoverageTest; ModelBranchCoverageTest.PasswordResetTokenExpiry; PasswordResetToken]; [InfluencerRating]; [VerificationRequest; VerificationRequestStatus]; [InfluencerProfile]; [ModelBranchCoverageTest.PendingSignupExpiry]; [ModelBranchCoverageTest.CampaignCallbacks]; [ModelBranchCoverageTest.PaymentCallbacks]; [ModelBranchCoverageTest.InfluencerProfileCallbacks]; [ModelBranchCoverageTest.BrandProfileCallbacks]; [ModelBranchCoverageTest.CollaborationInvitationCallbacks]; [ModelBranchCoverageTest.InfluencerRatingCallbacks]. LCC (Lack of Component Cohesion) = 0.52,Not refactored. A single JPA model package is conventional for this app size; entities are cohesive by product domain. Subpackages could be added later if the model grows substantially.
group04,com.group4.backend.config.init,Feature Concentration,The tool detected the smell in this component because the component realizes more than one architectural concern/feature. Independent sets of related classes within this component are: [UserTableSchemaPatchRunner]; [DemoDataSeeder]; [DataInitializer]; [DatabaseSeeder]; [DataInitializerTest]; [DatabaseSeederTest]. LCC (Lack of Component Cohesion) = 1.0,Not refactored. Multiple startup/seed classes share the same lifecycle concern; separating each class into its own package would add noise without clear benefit.
group04,com.group4.backend.service,Feature Concentration,The tool detected the smell in this component because the component realizes more than one architectural concern/feature. Independent sets of related classes within this component are: [GroqApiClientTest]; [PasswordResetServiceTest]; [InfluencerSearchRankerTest]; [AdminServiceTest]; [AuthServiceTest]; [CampaignReportServiceTest]; [CloudinaryServiceTest]; [ConsoleEmailServiceTest]; [InfluencerProfileServiceTest]; [InvitationServiceTest]; [PaymentServiceTest]; [RatingServiceTest]; [RegistrationServiceTest]; [UserServiceTest]; [AiRecommendationServiceTest]; [BrandProfileServiceTest]; [CampaignServiceTest]; [SmtpEmailServiceTest]. LCC (Lack of Component Cohesion) = 1.0,Not refactored. The finding is dominated by unit test classes co-located under com.group4.backend.service; tests are not separate product features. Moving tests purely to appease LCC was not pursued.
group04,com.group4.backend.integration,Feature Concentration,The tool detected the smell in this component because the component realizes more than one architectural concern/feature. Independent sets of related classes within this component are: [AdminApiIT]; [AuthApiIT]; [AuthEmailConfirmIT]; [AuthLoginIT]; [BrandProfileIT]; [CampaignFlowIT]; [CollaborationDeliverableIT]; [GroqAiMockedIT]; [GroqAiNotConfiguredIT]; [InfluencerProfileSearchIT]; [InvitationLifecycleIT]; [PaymentEdgeCasesIT]; [PaymentFlowIT]; [RatingFlowIT]; [UserInfluencersIT]; [UserVerificationSocialIT]. LCC (Lack of Component Cohesion) = 1.0,Not refactored. Integration tests are intentionally independent scenarios; low cross-class coupling is desirable. Merging or coupling them would harm test design.
