Project,Package,Class,Smell,Description,File,Rationale
group04,com.group4.backend.controller.advice,GlobalExceptionHandler,Unutilized Abstraction,The tool detected the smell in this class because this class is potentially unused. (Please ignore the smell if the reported class is auto-generated and/or used to serve a specific known purpose.),/builds/courses/2026-winter/csci-5308/group04/backend/src/main/java/com/group4/backend/controller/advice/GlobalExceptionHandler.java,False positive for Spring/JPA/MVC. Type is wired via annotations JSON serialization repositories or test runners; static analysis does not see reflection or framework entry points.
group04,com.group4.backend.controller.web,SpaControllerTest,Unutilized Abstraction,The tool detected the smell in this class because this class is potentially unused. (Please ignore the smell if the reported class is auto-generated and/or used to serve a specific known purpose.),/builds/courses/2026-winter/csci-5308/group04/backend/src/test/java/com/group4/backend/controller/web/SpaControllerTest.java,False positive for Spring/JPA/MVC. Type is wired via annotations JSON serialization repositories or test runners; static analysis does not see reflection or framework entry points.
group04,com.group4.backend.dto.admin,AdminActiveCollaborationDto,Unutilized Abstraction,The tool detected the smell in this class because this class is potentially unused. (Please ignore the smell if the reported class is auto-generated and/or used to serve a specific known purpose.),/builds/courses/2026-winter/csci-5308/group04/backend/src/main/java/com/group4/backend/dto/admin/AdminActiveCollaborationDto.java,False positive for Spring/JPA/MVC. Type is wired via annotations JSON serialization repositories or test runners; static analysis does not see reflection or framework entry points.
group04,com.group4.backend.dto.admin,AdminDashboardResponse,Unutilized Abstraction,The tool detected the smell in this class because this class is potentially unused. (Please ignore the smell if the reported class is auto-generated and/or used to serve a specific known purpose.),/builds/courses/2026-winter/csci-5308/group04/backend/src/main/java/com/group4/backend/dto/admin/AdminDashboardResponse.java,False positive for Spring/JPA/MVC. Type is wired via annotations JSON serialization repositories or test runners; static analysis does not see reflection or framework entry points.
group04,com.group4.backend.dto.admin,AdminRecentSignupDto,Unutilized Abstraction,The tool detected the smell in this class because this class is potentially unused. (Please ignore the smell if the reported class is auto-generated and/or used to serve a specific known purpose.),/builds/courses/2026-winter/csci-5308/group04/backend/src/main/java/com/group4/backend/dto/admin/AdminRecentSignupDto.java,False positive for Spring/JPA/MVC. Type is wired via annotations JSON serialization repositories or test runners; static analysis does not see reflection or framework entry points.
group04,com.group4.backend.dto.admin,AdminUserPageResponse,Unutilized Abstraction,The tool detected the smell in this class because this class is potentially unused. (Please ignore the smell if the reported class is auto-generated and/or used to serve a specific known purpose.),/builds/courses/2026-winter/csci-5308/group04/backend/src/main/java/com/group4/backend/dto/admin/AdminUserPageResponse.java,False positive for Spring/JPA/MVC. Type is wired via annotations JSON serialization repositories or test runners; static analysis does not see reflection or framework entry points.
group04,com.group4.backend.dto.admin,AdminUserSummaryDto,Unutilized Abstraction,The tool detected the smell in this class because this class is potentially unused. (Please ignore the smell if the reported class is auto-generated and/or used to serve a specific known purpose.),/builds/courses/2026-winter/csci-5308/group04/backend/src/main/java/com/group4/backend/dto/admin/AdminUserSummaryDto.java,False positive for Spring/JPA/MVC. Type is wired via annotations JSON serialization repositories or test runners; static analysis does not see reflection or framework entry points.
group04,com.group4.backend.dto.admin,AdminVerificationRequestDto,Unutilized Abstraction,The tool detected the smell in this class because this class is potentially unused. (Please ignore the smell if the reported class is auto-generated and/or used to serve a specific known purpose.),/builds/courses/2026-winter/csci-5308/group04/backend/src/main/java/com/group4/backend/dto/admin/AdminVerificationRequestDto.java,False positive for Spring/JPA/MVC. Type is wired via annotations JSON serialization repositories or test runners; static analysis does not see reflection or framework entry points.
group04,com.group4.backend.dto.auth,RegisterResponse,Unutilized Abstraction,The tool detected the smell in this class because this class is potentially unused. (Please ignore the smell if the reported class is auto-generated and/or used to serve a specific known purpose.),/builds/courses/2026-winter/csci-5308/group04/backend/src/main/java/com/group4/backend/dto/auth/RegisterResponse.java,Addressed. Class was not referenced from production code (API uses SignupResponse); removed and tests updated.
group04,com.group4.backend.dto.campaign,CampaignResponse,Insufficient Modularization,The tool detected the smell in this class becuase the class has bloated interface (large number of public methods). Total public methods in the class: 27 public methods,/builds/courses/2026-winter/csci-5308/group04/backend/src/main/java/com/group4/backend/dto/campaign/CampaignResponse.java,False positive for JavaBeans. Getter/setter count matches serializable DTO or JPA entity fields; splitting would not reduce real complexity without records or Lombok and may break frameworks.
group04,com.group4.backend.dto.invitation,InvitationResponse,Insufficient Modularization,The tool detected the smell in this class becuase the class has bloated interface (large number of public methods). Total public methods in the class: 53 public methods,/builds/courses/2026-winter/csci-5308/group04/backend/src/main/java/com/group4/backend/dto/invitation/InvitationResponse.java,False positive for JavaBeans. Getter/setter count matches serializable DTO or JPA entity fields; splitting would not reduce real complexity without records or Lombok and may break frameworks.
group04,com.group4.backend.dto.invitation,InvitationCampaignView,Insufficient Modularization,The tool detected the smell in this class becuase the class has bloated interface (large number of public methods). Total public methods in the class: 27 public methods,/builds/courses/2026-winter/csci-5308/group04/backend/src/main/java/com/group4/backend/dto/invitation/InvitationCampaignView.java,False positive for JavaBeans. Getter/setter count matches serializable DTO or JPA entity fields; splitting would not reduce real complexity without records or Lombok and may break frameworks.
group04,com.group4.backend.dto.invitation,InvitationDetailResponse,Insufficient Modularization,The tool detected the smell in this class becuase the class has bloated interface (large number of public methods). Total public methods in the class: 47 public methods,/builds/courses/2026-winter/csci-5308/group04/backend/src/main/java/com/group4/backend/dto/invitation/InvitationDetailResponse.java,False positive for JavaBeans. Getter/setter count matches serializable DTO or JPA entity fields; splitting would not reduce real complexity without records or Lombok and may break frameworks.
group04,com.group4.backend.dto.payment,PaymentResponse,Insufficient Modularization,The tool detected the smell in this class becuase the class has bloated interface (large number of public methods). Total public methods in the class: 29 public methods,/builds/courses/2026-winter/csci-5308/group04/backend/src/main/java/com/group4/backend/dto/payment/PaymentResponse.java,False positive for JavaBeans. Getter/setter count matches serializable DTO or JPA entity fields; splitting would not reduce real complexity without records or Lombok and may break frameworks.
group04,com.group4.backend.dto.profile,BrandProfileRequest,Insufficient Modularization,The tool detected the smell in this class becuase the class has bloated interface (large number of public methods). Total public methods in the class: 21 public methods,/builds/courses/2026-winter/csci-5308/group04/backend/src/main/java/com/group4/backend/dto/profile/BrandProfileRequest.java,False positive for JavaBeans. Getter/setter count matches serializable DTO or JPA entity fields; splitting would not reduce real complexity without records or Lombok and may break frameworks.
group04,com.group4.backend.dto.profile,InfluencerProfileRequest,Insufficient Modularization,The tool detected the smell in this class becuase the class has bloated interface (large number of public methods). Total public methods in the class: 29 public methods,/builds/courses/2026-winter/csci-5308/group04/backend/src/main/java/com/group4/backend/dto/profile/InfluencerProfileRequest.java,False positive for JavaBeans. Getter/setter count matches serializable DTO or JPA entity fields; splitting would not reduce real complexity without records or Lombok and may break frameworks.
group04,com.group4.backend.dto.profile,BrandProfileResponse,Insufficient Modularization,The tool detected the smell in this class becuase the class has bloated interface (large number of public methods). Total public methods in the class: 31 public methods,/builds/courses/2026-winter/csci-5308/group04/backend/src/main/java/com/group4/backend/dto/profile/BrandProfileResponse.java,False positive for JavaBeans. Getter/setter count matches serializable DTO or JPA entity fields; splitting would not reduce real complexity without records or Lombok and may break frameworks.
group04,com.group4.backend.dto.profile,InfluencerProfileResponse,Insufficient Modularization,The tool detected the smell in this class becuase the class has bloated interface (large number of public methods). Total public methods in the class: 47 public methods,/builds/courses/2026-winter/csci-5308/group04/backend/src/main/java/com/group4/backend/dto/profile/InfluencerProfileResponse.java,False positive for JavaBeans. Getter/setter count matches serializable DTO or JPA entity fields; splitting would not reduce real complexity without records or Lombok and may break frameworks.
group04,com.group4.backend.dto,VerificationStatusResponse,Unutilized Abstraction,The tool detected the smell in this class because this class is potentially unused. (Please ignore the smell if the reported class is auto-generated and/or used to serve a specific known purpose.),/builds/courses/2026-winter/csci-5308/group04/backend/src/main/java/com/group4/backend/dto/VerificationStatusResponse.java,False positive for Spring/JPA/MVC. Type is wired via annotations JSON serialization repositories or test runners; static analysis does not see reflection or framework entry points.
group04,com.group4.backend.dto,DtoBranchCoverageTest,Unnecessary Abstraction,The tool detected the smell in this class because the class contains only a few data members without any method implementation that indicates that the abstraction might not be required. Following fields are declared in this class: DTO_CLASSES,/builds/courses/2026-winter/csci-5308/group04/backend/src/test/java/com/group4/backend/dto/DtoBranchCoverageTest.java,False positive. Coverage test harness or inner suites; abstraction supports structured tests.
group04,com.group4.backend.dto,DtoBranchCoverageTest,Unutilized Abstraction,The tool detected the smell in this class because this class is potentially unused. (Please ignore the smell if the reported class is auto-generated and/or used to serve a specific known purpose.),/builds/courses/2026-winter/csci-5308/group04/backend/src/test/java/com/group4/backend/dto/DtoBranchCoverageTest.java,False positive for Spring/JPA/MVC. Type is wired via annotations JSON serialization repositories or test runners; static analysis does not see reflection or framework entry points.
group04,com.group4.backend.dto,DtoBranchCoverageTest.SignupRequestAllowedRole,Unnecessary Abstraction,The tool detected the smell in this class because the class contains only a few data members without any method implementation that indicates that the abstraction might not be required. Following fields are declared in this class: ,/builds/courses/2026-winter/csci-5308/group04/backend/src/test/java/com/group4/backend/dto/DtoBranchCoverageTest.java,False positive. Coverage test harness or inner suites; abstraction supports structured tests.
group04,com.group4.backend.dto,DtoBranchCoverageTest.SignupRequestAllowedRole,Unutilized Abstraction,The tool detected the smell in this class because this class is potentially unused. (Please ignore the smell if the reported class is auto-generated and/or used to serve a specific known purpose.),/builds/courses/2026-winter/csci-5308/group04/backend/src/test/java/com/group4/backend/dto/DtoBranchCoverageTest.java,False positive for Spring/JPA/MVC. Type is wired via annotations JSON serialization repositories or test runners; static analysis does not see reflection or framework entry points.
group04,com.group4.backend.dto,DtoBranchCoverageTest.SignupRequestAccessors,Unnecessary Abstraction,The tool detected the smell in this class because the class contains only a few data members without any method implementation that indicates that the abstraction might not be required. Following fields are declared in this class: ,/builds/courses/2026-winter/csci-5308/group04/backend/src/test/java/com/group4/backend/dto/DtoBranchCoverageTest.java,False positive. Coverage test harness or inner suites; abstraction supports structured tests.
group04,com.group4.backend.dto,DtoBranchCoverageTest.SignupRequestAccessors,Unutilized Abstraction,The tool detected the smell in this class because this class is potentially unused. (Please ignore the smell if the reported class is auto-generated and/or used to serve a specific known purpose.),/builds/courses/2026-winter/csci-5308/group04/backend/src/test/java/com/group4/backend/dto/DtoBranchCoverageTest.java,False positive for Spring/JPA/MVC. Type is wired via annotations JSON serialization repositories or test runners; static analysis does not see reflection or framework entry points.
group04,com.group4.backend.dto,DtoBranchCoverageTest.MultiArgConstructors,Unnecessary Abstraction,The tool detected the smell in this class because the class contains only a few data members without any method implementation that indicates that the abstraction might not be required. Following fields are declared in this class: ,/builds/courses/2026-winter/csci-5308/group04/backend/src/test/java/com/group4/backend/dto/DtoBranchCoverageTest.java,False positive. Coverage test harness or inner suites; abstraction supports structured tests.
group04,com.group4.backend.dto,DtoBranchCoverageTest.MultiArgConstructors,Unutilized Abstraction,The tool detected the smell in this class because this class is potentially unused. (Please ignore the smell if the reported class is auto-generated and/or used to serve a specific known purpose.),/builds/courses/2026-winter/csci-5308/group04/backend/src/test/java/com/group4/backend/dto/DtoBranchCoverageTest.java,False positive for Spring/JPA/MVC. Type is wired via annotations JSON serialization repositories or test runners; static analysis does not see reflection or framework entry points.
group04,com.group4.backend.dto,DtoBranchCoverageTest.BooleanFlagAccessors,Unnecessary Abstraction,The tool detected the smell in this class because the class contains only a few data members without any method implementation that indicates that the abstraction might not be required. Following fields are declared in this class: ,/builds/courses/2026-winter/csci-5308/group04/backend/src/test/java/com/group4/backend/dto/DtoBranchCoverageTest.java,False positive. Coverage test harness or inner suites; abstraction supports structured tests.
group04,com.group4.backend.dto,DtoBranchCoverageTest.BooleanFlagAccessors,Unutilized Abstraction,The tool detected the smell in this class because this class is potentially unused. (Please ignore the smell if the reported class is auto-generated and/or used to serve a specific known purpose.),/builds/courses/2026-winter/csci-5308/group04/backend/src/test/java/com/group4/backend/dto/DtoBranchCoverageTest.java,False positive for Spring/JPA/MVC. Type is wired via annotations JSON serialization repositories or test runners; static analysis does not see reflection or framework entry points.
group04,com.group4.backend.dto,DtoBranchCoverageTest.ReflectiveBeanRoundTrips,Unnecessary Abstraction,The tool detected the smell in this class because the class contains only a few data members without any method implementation that indicates that the abstraction might not be required. Following fields are declared in this class: DTO_CLASSES,/builds/courses/2026-winter/csci-5308/group04/backend/src/test/java/com/group4/backend/dto/DtoBranchCoverageTest.java,False positive. Coverage test harness or inner suites; abstraction supports structured tests.
group04,com.group4.backend.dto,DtoBranchCoverageTest.ReflectiveBeanRoundTrips,Unutilized Abstraction,The tool detected the smell in this class because this class is potentially unused. (Please ignore the smell if the reported class is auto-generated and/or used to serve a specific known purpose.),/builds/courses/2026-winter/csci-5308/group04/backend/src/test/java/com/group4/backend/dto/DtoBranchCoverageTest.java,False positive for Spring/JPA/MVC. Type is wired via annotations JSON serialization repositories or test runners; static analysis does not see reflection or framework entry points.
group04,com.group4.backend.model,BudgetRange,Unnecessary Abstraction,The tool detected the smell in this class because the class contains only a few data members without any method implementation that indicates that the abstraction might not be required. Following fields are declared in this class: ,/builds/courses/2026-winter/csci-5308/group04/backend/src/main/java/com/group4/backend/model/BudgetRange.java,False positive. Java enums are intentional closed types; tool misclassifies enums as empty data classes.
group04,com.group4.backend.model,Campaign,Insufficient Modularization,The tool detected the smell in this class becuase the class has bloated interface (large number of public methods). Total public methods in the class: 29 public methods,/builds/courses/2026-winter/csci-5308/group04/backend/src/main/java/com/group4/backend/model/Campaign.java,False positive for JavaBeans. Getter/setter count matches serializable DTO or JPA entity fields; splitting would not reduce real complexity without records or Lombok and may break frameworks.
group04,com.group4.backend.model,CampaignGoal,Unnecessary Abstraction,The tool detected the smell in this class because the class contains only a few data members without any method implementation that indicates that the abstraction might not be required. Following fields are declared in this class: ,/builds/courses/2026-winter/csci-5308/group04/backend/src/main/java/com/group4/backend/model/CampaignGoal.java,False positive. Java enums are intentional closed types; tool misclassifies enums as empty data classes.
group04,com.group4.backend.model,CampaignStatus,Unnecessary Abstraction,The tool detected the smell in this class because the class contains only a few data members without any method implementation that indicates that the abstraction might not be required. Following fields are declared in this class: ,/builds/courses/2026-winter/csci-5308/group04/backend/src/main/java/com/group4/backend/model/CampaignStatus.java,False positive. Java enums are intentional closed types; tool misclassifies enums as empty data classes.
group04,com.group4.backend.model,InvitationStatus,Unnecessary Abstraction,The tool detected the smell in this class because the class contains only a few data members without any method implementation that indicates that the abstraction might not be required. Following fields are declared in this class: ,/builds/courses/2026-winter/csci-5308/group04/backend/src/main/java/com/group4/backend/model/InvitationStatus.java,False positive. Java enums are intentional closed types; tool misclassifies enums as empty data classes.
group04,com.group4.backend.model,Payment,Insufficient Modularization,The tool detected the smell in this class becuase the class has bloated interface (large number of public methods). Total public methods in the class: 29 public methods,/builds/courses/2026-winter/csci-5308/group04/backend/src/main/java/com/group4/backend/model/Payment.java,False positive for JavaBeans. Getter/setter count matches serializable DTO or JPA entity fields; splitting would not reduce real complexity without records or Lombok and may break frameworks.
group04,com.group4.backend.model,PaymentStatus,Unnecessary Abstraction,The tool detected the smell in this class because the class contains only a few data members without any method implementation that indicates that the abstraction might not be required. Following fields are declared in this class: ,/builds/courses/2026-winter/csci-5308/group04/backend/src/main/java/com/group4/backend/model/PaymentStatus.java,False positive. Java enums are intentional closed types; tool misclassifies enums as empty data classes.
group04,com.group4.backend.model,Role,Unnecessary Abstraction,The tool detected the smell in this class because the class contains only a few data members without any method implementation that indicates that the abstraction might not be required. Following fields are declared in this class: ,/builds/courses/2026-winter/csci-5308/group04/backend/src/main/java/com/group4/backend/model/Role.java,False positive. Java enums are intentional closed types; tool misclassifies enums as empty data classes.
group04,com.group4.backend.model,BrandProfile,Insufficient Modularization,The tool detected the smell in this class becuase the class has bloated interface (large number of public methods). Total public methods in the class: 33 public methods,/builds/courses/2026-winter/csci-5308/group04/backend/src/main/java/com/group4/backend/model/BrandProfile.java,False positive for JavaBeans. Getter/setter count matches serializable DTO or JPA entity fields; splitting would not reduce real complexity without records or Lombok and may break frameworks.
group04,com.group4.backend.model,CollaborationInvitation,Insufficient Modularization,The tool detected the smell in this class becuase the class has bloated interface (large number of public methods). Total public methods in the class: 37 public methods,/builds/courses/2026-winter/csci-5308/group04/backend/src/main/java/com/group4/backend/model/CollaborationInvitation.java,False positive for JavaBeans. Getter/setter count matches serializable DTO or JPA entity fields; splitting would not reduce real complexity without records or Lombok and may break frameworks.
group04,com.group4.backend.model,DeliverableStatus,Unnecessary Abstraction,The tool detected the smell in this class because the class contains only a few data members without any method implementation that indicates that the abstraction might not be required. Following fields are declared in this class: ,/builds/courses/2026-winter/csci-5308/group04/backend/src/main/java/com/group4/backend/model/DeliverableStatus.java,False positive. Java enums are intentional closed types; tool misclassifies enums as empty data classes.
group04,com.group4.backend.model,VerificationRequest,Unutilized Abstraction,The tool detected the smell in this class because this class is potentially unused. (Please ignore the smell if the reported class is auto-generated and/or used to serve a specific known purpose.),/builds/courses/2026-winter/csci-5308/group04/backend/src/main/java/com/group4/backend/model/VerificationRequest.java,False positive for Spring/JPA/MVC. Type is wired via annotations JSON serialization repositories or test runners; static analysis does not see reflection or framework entry points.
group04,com.group4.backend.model,VerificationRequestStatus,Unnecessary Abstraction,The tool detected the smell in this class because the class contains only a few data members without any method implementation that indicates that the abstraction might not be required. Following fields are declared in this class: ,/builds/courses/2026-winter/csci-5308/group04/backend/src/main/java/com/group4/backend/model/VerificationRequestStatus.java,False positive. Java enums are intentional closed types; tool misclassifies enums as empty data classes.
group04,com.group4.backend.model,InfluencerProfile,Insufficient Modularization,The tool detected the smell in this class becuase the class has bloated interface (large number of public methods). Total public methods in the class: 43 public methods,/builds/courses/2026-winter/csci-5308/group04/backend/src/main/java/com/group4/backend/model/InfluencerProfile.java,False positive for JavaBeans. Getter/setter count matches serializable DTO or JPA entity fields; splitting would not reduce real complexity without records or Lombok and may break frameworks.
group04,com.group4.backend.model,ModelBranchCoverageTest,Unnecessary Abstraction,The tool detected the smell in this class because the class contains only a few data members without any method implementation that indicates that the abstraction might not be required. Following fields are declared in this class: ,/builds/courses/2026-winter/csci-5308/group04/backend/src/test/java/com/group4/backend/model/ModelBranchCoverageTest.java,False positive. Coverage test harness or inner suites; abstraction supports structured tests.
group04,com.group4.backend.model,ModelBranchCoverageTest,Unutilized Abstraction,The tool detected the smell in this class because this class is potentially unused. (Please ignore the smell if the reported class is auto-generated and/or used to serve a specific known purpose.),/builds/courses/2026-winter/csci-5308/group04/backend/src/test/java/com/group4/backend/model/ModelBranchCoverageTest.java,False positive for Spring/JPA/MVC. Type is wired via annotations JSON serialization repositories or test runners; static analysis does not see reflection or framework entry points.
group04,com.group4.backend.model,ModelBranchCoverageTest.PendingSignupExpiry,Unnecessary Abstraction,The tool detected the smell in this class because the class contains only a few data members without any method implementation that indicates that the abstraction might not be required. Following fields are declared in this class: ,/builds/courses/2026-winter/csci-5308/group04/backend/src/test/java/com/group4/backend/model/ModelBranchCoverageTest.java,False positive. JUnit @Nested or test helper types organize tests; not redundant domain abstractions.
group04,com.group4.backend.model,ModelBranchCoverageTest.PendingSignupExpiry,Unutilized Abstraction,The tool detected the smell in this class because this class is potentially unused. (Please ignore the smell if the reported class is auto-generated and/or used to serve a specific known purpose.),/builds/courses/2026-winter/csci-5308/group04/backend/src/test/java/com/group4/backend/model/ModelBranchCoverageTest.java,False positive for Spring/JPA/MVC. Type is wired via annotations JSON serialization repositories or test runners; static analysis does not see reflection or framework entry points.
group04,com.group4.backend.model,ModelBranchCoverageTest.PasswordResetTokenExpiry,Unnecessary Abstraction,The tool detected the smell in this class because the class contains only a few data members without any method implementation that indicates that the abstraction might not be required. Following fields are declared in this class: ,/builds/courses/2026-winter/csci-5308/group04/backend/src/test/java/com/group4/backend/model/ModelBranchCoverageTest.java,False positive. JUnit @Nested or test helper types organize tests; not redundant domain abstractions.
group04,com.group4.backend.model,ModelBranchCoverageTest.PasswordResetTokenExpiry,Unutilized Abstraction,The tool detected the smell in this class because this class is potentially unused. (Please ignore the smell if the reported class is auto-generated and/or used to serve a specific known purpose.),/builds/courses/2026-winter/csci-5308/group04/backend/src/test/java/com/group4/backend/model/ModelBranchCoverageTest.java,False positive for Spring/JPA/MVC. Type is wired via annotations JSON serialization repositories or test runners; static analysis does not see reflection or framework entry points.
group04,com.group4.backend.model,ModelBranchCoverageTest.CampaignCallbacks,Unnecessary Abstraction,The tool detected the smell in this class because the class contains only a few data members without any method implementation that indicates that the abstraction might not be required. Following fields are declared in this class: ,/builds/courses/2026-winter/csci-5308/group04/backend/src/test/java/com/group4/backend/model/ModelBranchCoverageTest.java,False positive. JUnit @Nested or test helper types organize tests; not redundant domain abstractions.
group04,com.group4.backend.model,ModelBranchCoverageTest.CampaignCallbacks,Unutilized Abstraction,The tool detected the smell in this class because this class is potentially unused. (Please ignore the smell if the reported class is auto-generated and/or used to serve a specific known purpose.),/builds/courses/2026-winter/csci-5308/group04/backend/src/test/java/com/group4/backend/model/ModelBranchCoverageTest.java,False positive for Spring/JPA/MVC. Type is wired via annotations JSON serialization repositories or test runners; static analysis does not see reflection or framework entry points.
group04,com.group4.backend.model,ModelBranchCoverageTest.PaymentCallbacks,Unnecessary Abstraction,The tool detected the smell in this class because the class contains only a few data members without any method implementation that indicates that the abstraction might not be required. Following fields are declared in this class: ,/builds/courses/2026-winter/csci-5308/group04/backend/src/test/java/com/group4/backend/model/ModelBranchCoverageTest.java,False positive. JUnit @Nested or test helper types organize tests; not redundant domain abstractions.
group04,com.group4.backend.model,ModelBranchCoverageTest.PaymentCallbacks,Unutilized Abstraction,The tool detected the smell in this class because this class is potentially unused. (Please ignore the smell if the reported class is auto-generated and/or used to serve a specific known purpose.),/builds/courses/2026-winter/csci-5308/group04/backend/src/test/java/com/group4/backend/model/ModelBranchCoverageTest.java,False positive for Spring/JPA/MVC. Type is wired via annotations JSON serialization repositories or test runners; static analysis does not see reflection or framework entry points.
group04,com.group4.backend.model,ModelBranchCoverageTest.InfluencerProfileCallbacks,Unnecessary Abstraction,The tool detected the smell in this class because the class contains only a few data members without any method implementation that indicates that the abstraction might not be required. Following fields are declared in this class: ,/builds/courses/2026-winter/csci-5308/group04/backend/src/test/java/com/group4/backend/model/ModelBranchCoverageTest.java,False positive. JUnit @Nested or test helper types organize tests; not redundant domain abstractions.
group04,com.group4.backend.model,ModelBranchCoverageTest.InfluencerProfileCallbacks,Unutilized Abstraction,The tool detected the smell in this class because this class is potentially unused. (Please ignore the smell if the reported class is auto-generated and/or used to serve a specific known purpose.),/builds/courses/2026-winter/csci-5308/group04/backend/src/test/java/com/group4/backend/model/ModelBranchCoverageTest.java,False positive for Spring/JPA/MVC. Type is wired via annotations JSON serialization repositories or test runners; static analysis does not see reflection or framework entry points.
group04,com.group4.backend.model,ModelBranchCoverageTest.BrandProfileCallbacks,Unnecessary Abstraction,The tool detected the smell in this class because the class contains only a few data members without any method implementation that indicates that the abstraction might not be required. Following fields are declared in this class: ,/builds/courses/2026-winter/csci-5308/group04/backend/src/test/java/com/group4/backend/model/ModelBranchCoverageTest.java,False positive. JUnit @Nested or test helper types organize tests; not redundant domain abstractions.
group04,com.group4.backend.model,ModelBranchCoverageTest.BrandProfileCallbacks,Unutilized Abstraction,The tool detected the smell in this class because this class is potentially unused. (Please ignore the smell if the reported class is auto-generated and/or used to serve a specific known purpose.),/builds/courses/2026-winter/csci-5308/group04/backend/src/test/java/com/group4/backend/model/ModelBranchCoverageTest.java,False positive for Spring/JPA/MVC. Type is wired via annotations JSON serialization repositories or test runners; static analysis does not see reflection or framework entry points.
group04,com.group4.backend.model,ModelBranchCoverageTest.CollaborationInvitationCallbacks,Unnecessary Abstraction,The tool detected the smell in this class because the class contains only a few data members without any method implementation that indicates that the abstraction might not be required. Following fields are declared in this class: ,/builds/courses/2026-winter/csci-5308/group04/backend/src/test/java/com/group4/backend/model/ModelBranchCoverageTest.java,False positive. JUnit @Nested or test helper types organize tests; not redundant domain abstractions.
group04,com.group4.backend.model,ModelBranchCoverageTest.CollaborationInvitationCallbacks,Unutilized Abstraction,The tool detected the smell in this class because this class is potentially unused. (Please ignore the smell if the reported class is auto-generated and/or used to serve a specific known purpose.),/builds/courses/2026-winter/csci-5308/group04/backend/src/test/java/com/group4/backend/model/ModelBranchCoverageTest.java,False positive for Spring/JPA/MVC. Type is wired via annotations JSON serialization repositories or test runners; static analysis does not see reflection or framework entry points.
group04,com.group4.backend.model,ModelBranchCoverageTest.InfluencerRatingCallbacks,Unnecessary Abstraction,The tool detected the smell in this class because the class contains only a few data members without any method implementation that indicates that the abstraction might not be required. Following fields are declared in this class: ,/builds/courses/2026-winter/csci-5308/group04/backend/src/test/java/com/group4/backend/model/ModelBranchCoverageTest.java,False positive. JUnit @Nested or test helper types organize tests; not redundant domain abstractions.
group04,com.group4.backend.model,ModelBranchCoverageTest.InfluencerRatingCallbacks,Unutilized Abstraction,The tool detected the smell in this class because this class is potentially unused. (Please ignore the smell if the reported class is auto-generated and/or used to serve a specific known purpose.),/builds/courses/2026-winter/csci-5308/group04/backend/src/test/java/com/group4/backend/model/ModelBranchCoverageTest.java,False positive for Spring/JPA/MVC. Type is wired via annotations JSON serialization repositories or test runners; static analysis does not see reflection or framework entry points.
group04,com.group4.backend.config.cloudinary,CloudinaryConfig,Unutilized Abstraction,The tool detected the smell in this class because this class is potentially unused. (Please ignore the smell if the reported class is auto-generated and/or used to serve a specific known purpose.),/builds/courses/2026-winter/csci-5308/group04/backend/src/main/java/com/group4/backend/config/cloudinary/CloudinaryConfig.java,False positive for Spring/JPA/MVC. Type is wired via annotations JSON serialization repositories or test runners; static analysis does not see reflection or framework entry points.
group04,com.group4.backend.config.init,UserTableSchemaPatchRunner,Unutilized Abstraction,The tool detected the smell in this class because this class is potentially unused. (Please ignore the smell if the reported class is auto-generated and/or used to serve a specific known purpose.),/builds/courses/2026-winter/csci-5308/group04/backend/src/main/java/com/group4/backend/config/init/UserTableSchemaPatchRunner.java,False positive for Spring/JPA/MVC. Type is wired via annotations JSON serialization repositories or test runners; static analysis does not see reflection or framework entry points.
group04,com.group4.backend.config.init,DemoDataSeeder,Unutilized Abstraction,The tool detected the smell in this class because this class is potentially unused. (Please ignore the smell if the reported class is auto-generated and/or used to serve a specific known purpose.),/builds/courses/2026-winter/csci-5308/group04/backend/src/main/java/com/group4/backend/config/init/DemoDataSeeder.java,False positive for Spring/JPA/MVC. Type is wired via annotations JSON serialization repositories or test runners; static analysis does not see reflection or framework entry points.
group04,com.group4.backend.config.init,DataInitializer,Unutilized Abstraction,The tool detected the smell in this class because this class is potentially unused. (Please ignore the smell if the reported class is auto-generated and/or used to serve a specific known purpose.),/builds/courses/2026-winter/csci-5308/group04/backend/src/main/java/com/group4/backend/config/init/DataInitializer.java,False positive for Spring/JPA/MVC. Type is wired via annotations JSON serialization repositories or test runners; static analysis does not see reflection or framework entry points.
group04,com.group4.backend.config.init,DatabaseSeeder,Unutilized Abstraction,The tool detected the smell in this class because this class is potentially unused. (Please ignore the smell if the reported class is auto-generated and/or used to serve a specific known purpose.),/builds/courses/2026-winter/csci-5308/group04/backend/src/main/java/com/group4/backend/config/init/DatabaseSeeder.java,False positive for Spring/JPA/MVC. Type is wired via annotations JSON serialization repositories or test runners; static analysis does not see reflection or framework entry points.
group04,com.group4.backend.config.mail,RelaxedMailConfig,Unutilized Abstraction,The tool detected the smell in this class because this class is potentially unused. (Please ignore the smell if the reported class is auto-generated and/or used to serve a specific known purpose.),/builds/courses/2026-winter/csci-5308/group04/backend/src/main/java/com/group4/backend/config/mail/RelaxedMailConfig.java,False positive for Spring/JPA/MVC. Type is wired via annotations JSON serialization repositories or test runners; static analysis does not see reflection or framework entry points.
group04,com.group4.backend.config.security,SecurityConfigTest.JwtAndAuthBeans,Unnecessary Abstraction,The tool detected the smell in this class because the class contains only a few data members without any method implementation that indicates that the abstraction might not be required. Following fields are declared in this class: ,/builds/courses/2026-winter/csci-5308/group04/backend/src/test/java/com/group4/backend/config/security/SecurityConfigTest.java,False positive. JUnit @Nested or test helper types organize tests; not redundant domain abstractions.
group04,com.group4.backend.config.security,SecurityConfigTest.JwtAndAuthBeans,Unutilized Abstraction,The tool detected the smell in this class because this class is potentially unused. (Please ignore the smell if the reported class is auto-generated and/or used to serve a specific known purpose.),/builds/courses/2026-winter/csci-5308/group04/backend/src/test/java/com/group4/backend/config/security/SecurityConfigTest.java,False positive for Spring/JPA/MVC. Type is wired via annotations JSON serialization repositories or test runners; static analysis does not see reflection or framework entry points.
group04,com.group4.backend.config.web,SpaWebConfig,Unutilized Abstraction,The tool detected the smell in this class because this class is potentially unused. (Please ignore the smell if the reported class is auto-generated and/or used to serve a specific known purpose.),/builds/courses/2026-winter/csci-5308/group04/backend/src/main/java/com/group4/backend/config/web/SpaWebConfig.java,False positive for Spring/JPA/MVC. Type is wired via annotations JSON serialization repositories or test runners; static analysis does not see reflection or framework entry points.
group04,com.group4.backend.service.campaign,CampaignReportService.SimplePdfBuilder,Unnecessary Abstraction,The tool detected the smell in this class because the class contains only a few data members without any method implementation that indicates that the abstraction might not be required. Following fields are declared in this class: ,/builds/courses/2026-winter/csci-5308/group04/backend/src/main/java/com/group4/backend/service/campaign/CampaignReportService.java,Addressed. Inner helper was merged into CampaignReportService as private static PDF build methods.
group04,com.group4.backend.service.campaign,CampaignReportService.SimplePdfBuilder,Unutilized Abstraction,The tool detected the smell in this class because this class is potentially unused. (Please ignore the smell if the reported class is auto-generated and/or used to serve a specific known purpose.),/builds/courses/2026-winter/csci-5308/group04/backend/src/main/java/com/group4/backend/service/campaign/CampaignReportService.java,Addressed. Inner class removed; PDF logic lives on CampaignReportService as private static methods (same finding as Unnecessary Abstraction row).
group04,com.group4.backend.testsupport,SliceTestApplication,Unnecessary Abstraction,The tool detected the smell in this class because the class contains only a few data members without any method implementation that indicates that the abstraction might not be required. Following fields are declared in this class: ,/builds/courses/2026-winter/csci-5308/group04/backend/src/test/java/com/group4/backend/testsupport/SliceTestApplication.java,False positive. Minimal Spring Boot test application entry for slice/integration tests.
group04,com.group4.backend.testsupport,SliceTestApplication,Unutilized Abstraction,The tool detected the smell in this class because this class is potentially unused. (Please ignore the smell if the reported class is auto-generated and/or used to serve a specific known purpose.),/builds/courses/2026-winter/csci-5308/group04/backend/src/test/java/com/group4/backend/testsupport/SliceTestApplication.java,False positive for Spring/JPA/MVC. Type is wired via annotations JSON serialization repositories or test runners; static analysis does not see reflection or framework entry points.
