Project,Package,Class,Method,Smell,Description,Method start line no,File,Rationale
group04,com.group4.backend.controller.advice,GlobalExceptionHandler,handleValidation,Long Statement,"The length of the statement ""String message=e.getBindingResult().getFieldErrors().stream().map(err -> err.getField() + "": "" + err.getDefaultMessage()).reduce((a`b) -> a + ""; "" + b).orElse(""Validation failed"");"" is 180.",19,/builds/courses/2026-winter/csci-5308/group04/backend/src/main/java/com/group4/backend/controller/advice/GlobalExceptionHandler.java,Refactored. Replaced long stream reduce with Collectors.joining and explicit empty fallback for validation messages.
group04,com.group4.backend.controller.campaign,CampaignController,CampaignController,Long Parameter List,The method has 6 parameters. ,39,/builds/courses/2026-winter/csci-5308/group04/backend/src/main/java/com/group4/backend/controller/campaign/CampaignController.java,Not refactored. Six constructor parameters are normal explicit dependency injection without Lombok; introducing a facade would not simplify the type.
group04,com.group4.backend.controller.campaign,CampaignController,generateDescription,Long Statement,"The length of the statement ""return ResponseEntity.status(HttpStatus.INTERNAL_SERVER_ERROR).body(Map.of(""message""`""Failed to generate description: "" + e.getMessage()));"" is 139.",91,/builds/courses/2026-winter/csci-5308/group04/backend/src/main/java/com/group4/backend/controller/campaign/CampaignController.java,Not refactored. ResponseEntity and prompt-building chains are readable fluent API usage; splitting would not materially improve design.
group04,com.group4.backend.controller.campaign,CampaignController,downloadCampaignReport,Long Statement,"The length of the statement ""return ResponseEntity.ok().header(""Content-Disposition""`""attachment; filename=\""campaign-"" + campaignId + ""-report.pdf\"""").contentType(MediaType.APPLICATION_PDF).body(pdf);"" is 172.",110,/builds/courses/2026-winter/csci-5308/group04/backend/src/main/java/com/group4/backend/controller/campaign/CampaignController.java,Not refactored. ResponseEntity and prompt-building chains are readable fluent API usage; splitting would not materially improve design.
group04,com.group4.backend.controller.campaign,CampaignController,callDescriptionAi,Long Statement,"The length of the statement ""String prompt=DESCRIPTION_PROMPT_PREFIX + ""Campaign name: "" + name+ ""\n""+ (goal.isEmpty() ? """" : ""Campaign goal: "" + goal + ""\n"")+ (budget.isEmpty() ? """" : ""Budget range: "" + budget + ""\n"");"" is 190.",135,/builds/courses/2026-winter/csci-5308/group04/backend/src/main/java/com/group4/backend/controller/campaign/CampaignController.java,Not refactored. AI prompt string assembly is inherently multi-segment; extracting would not simplify the domain logic.
group04,com.group4.backend.controller.profile,InfluencerProfileController,getMyProfile,Long Statement,"The length of the statement ""return influencerProfileService.getByUserId(user.getId()).map(ResponseEntity::ok).orElse(ResponseEntity.notFound().build());"" is 124.",36,/builds/courses/2026-winter/csci-5308/group04/backend/src/main/java/com/group4/backend/controller/profile/InfluencerProfileController.java,Not refactored. Optional/service call chains are standard Spring MVC style.
group04,com.group4.backend.controller.profile,InfluencerProfileController,updateCollaborationAvailability,Long Statement,"The length of the statement ""InfluencerProfileResponse response=influencerProfileService.updateCollaborationAvailability(user.getId()`Boolean.TRUE.equals(request.getOpenToCollaborations()));"" is 161.",57,/builds/courses/2026-winter/csci-5308/group04/backend/src/main/java/com/group4/backend/controller/profile/InfluencerProfileController.java,Not refactored. Optional/service call chains are standard Spring MVC style.
group04,com.group4.backend.controller.profile,InfluencerProfileController,search,Long Parameter List,The method has 6 parameters. ,72,/builds/courses/2026-winter/csci-5308/group04/backend/src/main/java/com/group4/backend/controller/profile/InfluencerProfileController.java,Not refactored. Six optional query parameters map to REST query string; a @ModelAttribute object could be used later but is optional and touches API binding.
group04,com.group4.backend.controller.profile,InfluencerProfileController,search,Long Statement,"The length of the statement ""InfluencerSearchFilter filter=new InfluencerSearchFilter(niche`location`minFollowers`maxFollowers`minEngagementRate`availableOnly);"" is 131.",72,/builds/courses/2026-winter/csci-5308/group04/backend/src/main/java/com/group4/backend/controller/profile/InfluencerProfileController.java,Not refactored. Optional/service call chains are standard Spring MVC style.
group04,com.group4.backend.controller.profile,InfluencerProfileController,enhanceBio,Long Statement,"The length of the statement ""return ResponseEntity.status(HttpStatus.INTERNAL_SERVER_ERROR).body(Map.of(""message""`""Failed to enhance bio: "" + e.getMessage()));"" is 130.",94,/builds/courses/2026-winter/csci-5308/group04/backend/src/main/java/com/group4/backend/controller/profile/InfluencerProfileController.java,Not refactored. Optional/service call chains are standard Spring MVC style.
group04,com.group4.backend.controller.user,UserController,getVerificationStatus,Long Statement,"The length of the statement ""return verificationService.getLatestRequest(user.getId()).map(ResponseEntity::ok).orElse(ResponseEntity.noContent().build());"" is 125.",43,/builds/courses/2026-winter/csci-5308/group04/backend/src/main/java/com/group4/backend/controller/user/UserController.java,Not refactored. Single fluent Optional-to-ResponseEntity line is clear.
group04,com.group4.backend.dto.admin,AdminVerificationRequestDto,AdminVerificationRequestDto,Long Parameter List,The method has 8 parameters. ,19,/builds/courses/2026-winter/csci-5308/group04/backend/src/main/java/com/group4/backend/dto/admin/AdminVerificationRequestDto.java,Not refactored. All-args or multi-field constructor on DTO/entity is conventional; builder pattern not required for this codebase size.
group04,com.group4.backend.dto.auth,AuthResponse,AuthResponse,Long Parameter List,The method has 5 parameters. ,15,/builds/courses/2026-winter/csci-5308/group04/backend/src/main/java/com/group4/backend/dto/auth/AuthResponse.java,Not refactored. All-args or multi-field constructor on DTO/entity is conventional; builder pattern not required for this codebase size.
group04,com.group4.backend.model,PendingSignup,PendingSignup,Long Parameter List,The method has 5 parameters. ,33,/builds/courses/2026-winter/csci-5308/group04/backend/src/main/java/com/group4/backend/model/PendingSignup.java,Not refactored. All-args or multi-field constructor on DTO/entity is conventional; builder pattern not required for this codebase size.
group04,com.group4.backend.security,JwtUtils,generateToken,Long Statement,"The length of the statement ""return Jwts.builder().setSubject(email).claim(""role""`role).setIssuedAt(new Date(System.currentTimeMillis())).setExpiration(new Date(System.currentTimeMillis() + expirationTime)).signWith(getSignInKey()`SignatureAlgorithm.HS256).compact();"" is 238.",27,/builds/courses/2026-winter/csci-5308/group04/backend/src/main/java/com/group4/backend/security/JwtUtils.java,Not refactored. Source already uses a multi-line JJWT builder; tool may reflect older one-line scan. Further splitting adds no clarity.
group04,com.group4.backend.security,JwtAuthenticationFilter,doFilterInternal,Long Statement,"The length of the statement ""UsernamePasswordAuthenticationToken authToken=new UsernamePasswordAuthenticationToken(userDetails`null`userDetails.getAuthorities());"" is 133.",29,/builds/courses/2026-winter/csci-5308/group04/backend/src/main/java/com/group4/backend/security/JwtAuthenticationFilter.java,Not refactored. One constructor call with three arguments; length is character count not complexity.
group04,com.group4.backend.config.init,DemoDataSeeder,DemoDataSeeder,Long Parameter List,The method has 5 parameters. ,78,/builds/courses/2026-winter/csci-5308/group04/backend/src/main/java/com/group4/backend/config/init/DemoDataSeeder.java,Not refactored. Constructor lists five Spring-injected repositories; standard for CommandLineRunner beans.
group04,com.group4.backend.config.init,DemoDataSeeder,run,Long Statement,"The length of the statement ""Campaign q1Launch=saveCampaign(brand.getId()`new CampaignData(""Q1 Tech Product Launch""`""Drive awareness for our new smart home accessory line targeting early adopters and tech enthusiasts.""`BudgetRange.FIVE_K_10K`CampaignStatus.COMPLETED`CampaignGoal.AWARENESS`""Instagram Reels` YouTube Review""`LocalDate.of(DEMO_YEAR`DEMO_Q1_LAUNCH_START_MONTH`DEMO_Q1_LAUNCH_START_DAY)`LocalDate.of(DEMO_YEAR`DEMO_Q1_LAUNCH_END_MONTH`DEMO_Q1_LAUNCH_END_DAY)`3));"" is 447.",90,/builds/courses/2026-winter/csci-5308/group04/backend/src/main/java/com/group4/backend/config/init/DemoDataSeeder.java,Not refactored. Each line is intentional demo fixture data; breaking into many tiny methods would hide the seeding story; constants and savePayment helper address the main clarity issues.
group04,com.group4.backend.config.init,DemoDataSeeder,run,Long Statement,"The length of the statement ""CollaborationInvitation inv1a=saveInvitation(q1Launch.getId()`influencerId`brand.getId()`new InvitationData(InvitationStatus.CONFIRMED`""Hi Alex! We'd love for you to feature our smart home hub in a lifestyle reel.""`new BigDecimal(""1200.00"")`""4 weeks""`""1x Instagram Reel` 3x Stories""`""Instagram""`DEMO_INV1A_EXPIRY_OFFSET`DEMO_INV1A_RESPONDED_OFFSET));"" is 350.",90,/builds/courses/2026-winter/csci-5308/group04/backend/src/main/java/com/group4/backend/config/init/DemoDataSeeder.java,Not refactored. Each line is intentional demo fixture data; breaking into many tiny methods would hide the seeding story; constants and savePayment helper address the main clarity issues.
group04,com.group4.backend.config.init,DemoDataSeeder,run,Long Statement,"The length of the statement ""CollaborationInvitation inv1b=saveInvitation(q1Launch.getId()`tech1Id`brand.getId()`new InvitationData(InvitationStatus.CONFIRMED`""Sam` your audience is a perfect fit for our tech launch. Would love a detailed YouTube review.""`new BigDecimal(""9500.00"")`""6 weeks""`""1x YouTube Review (min 10 min)` 1x Community Post""`""YouTube""`DEMO_INV1B_EXPIRY_OFFSET`DEMO_INV1B_RESPONDED_OFFSET));"" is 380.",90,/builds/courses/2026-winter/csci-5308/group04/backend/src/main/java/com/group4/backend/config/init/DemoDataSeeder.java,Not refactored. Each line is intentional demo fixture data; breaking into many tiny methods would hide the seeding story; constants and savePayment helper address the main clarity issues.
group04,com.group4.backend.config.init,DemoDataSeeder,run,Long Statement,"The length of the statement ""savePayment(q1Launch.getId()`influencerId`brand.getId()`new PaymentData(""Content Delivery""`new BigDecimal(""1200.00"")`PaymentStatus.PAID`LocalDate.of(DEMO_YEAR`DEMO_PAY1A_DUE_MONTH`DEMO_PAY1A_DUE_DAY)`LocalDate.of(DEMO_YEAR`DEMO_PAY1A_DUE_MONTH`DEMO_PAY1A_PAID_DAY)`""INV-2026-0001""`""Payment for Instagram Reel and Stories — Q1 Tech Launch""));"" is 341.",90,/builds/courses/2026-winter/csci-5308/group04/backend/src/main/java/com/group4/backend/config/init/DemoDataSeeder.java,Not refactored. Each line is intentional demo fixture data; breaking into many tiny methods would hide the seeding story; constants and savePayment helper address the main clarity issues.
group04,com.group4.backend.config.init,DemoDataSeeder,run,Long Statement,"The length of the statement ""savePayment(q1Launch.getId()`tech1Id`brand.getId()`new PaymentData(""YouTube Review Delivery""`new BigDecimal(""9500.00"")`PaymentStatus.PAID`LocalDate.of(DEMO_YEAR`DEMO_PAY1A_DUE_MONTH`DEMO_PAY1B_DUE_DAY)`LocalDate.of(DEMO_YEAR`DEMO_PAY1A_DUE_MONTH`DEMO_PAY1B_PAID_DAY)`""INV-2026-0002""`""Payment for YouTube review — Q1 Tech Launch""));"" is 331.",90,/builds/courses/2026-winter/csci-5308/group04/backend/src/main/java/com/group4/backend/config/init/DemoDataSeeder.java,Not refactored. Each line is intentional demo fixture data; breaking into many tiny methods would hide the seeding story; constants and savePayment helper address the main clarity issues.
group04,com.group4.backend.config.init,DemoDataSeeder,run,Long Statement,"The length of the statement ""saveRating(inv1a.getId()`brand.getId()`influencerId`5`""Alex delivered exceptional content — on time` on brief` and the engagement was incredible. Will definitely work together again."");"" is 185.",90,/builds/courses/2026-winter/csci-5308/group04/backend/src/main/java/com/group4/backend/config/init/DemoDataSeeder.java,Not refactored. Each line is intentional demo fixture data; breaking into many tiny methods would hide the seeding story; constants and savePayment helper address the main clarity issues.
group04,com.group4.backend.config.init,DemoDataSeeder,run,Long Statement,"The length of the statement ""saveRating(inv1b.getId()`brand.getId()`tech1Id`5`""Sam's review was thorough and authentic. Our product page traffic spiked 40% the week the video went live."");"" is 159.",90,/builds/courses/2026-winter/csci-5308/group04/backend/src/main/java/com/group4/backend/config/init/DemoDataSeeder.java,Not refactored. Each line is intentional demo fixture data; breaking into many tiny methods would hide the seeding story; constants and savePayment helper address the main clarity issues.
group04,com.group4.backend.config.init,DemoDataSeeder,run,Long Statement,"The length of the statement ""Campaign springFashion=saveCampaign(brand.getId()`new CampaignData(""Spring Fashion Collection""`""Showcase our new spring collection to fashion-forward audiences ahead of the season launch.""`BudgetRange.ONE_K_5K`CampaignStatus.ACTIVE`CampaignGoal.ENGAGEMENT`""Instagram Posts` TikTok""`LocalDate.of(DEMO_YEAR`DEMO_SPRING_START_MONTH`DEMO_SPRING_START_DAY)`LocalDate.of(DEMO_YEAR`DEMO_SPRING_END_MONTH`DEMO_SPRING_END_DAY)`4));"" is 422.",90,/builds/courses/2026-winter/csci-5308/group04/backend/src/main/java/com/group4/backend/config/init/DemoDataSeeder.java,Not refactored. Each line is intentional demo fixture data; breaking into many tiny methods would hide the seeding story; constants and savePayment helper address the main clarity issues.
group04,com.group4.backend.config.init,DemoDataSeeder,run,Long Statement,"The length of the statement ""saveInvitation(springFashion.getId()`influencerId`brand.getId()`new InvitationData(InvitationStatus.ACCEPTED`""Alex` your aesthetic is exactly what we're looking for this season. Let's create something beautiful together!""`new BigDecimal(""1200.00"")`""3 weeks""`""2x Instagram Posts` 1x TikTok""`""Instagram""`DEMO_INV_SPRING_A_OFFSET`null));"" is 334.",90,/builds/courses/2026-winter/csci-5308/group04/backend/src/main/java/com/group4/backend/config/init/DemoDataSeeder.java,Not refactored. Each line is intentional demo fixture data; breaking into many tiny methods would hide the seeding story; constants and savePayment helper address the main clarity issues.
group04,com.group4.backend.config.init,DemoDataSeeder,run,Long Statement,"The length of the statement ""saveInvitation(springFashion.getId()`style1Id`brand.getId()`new InvitationData(InvitationStatus.ACCEPTED`""Blake` we'd love for you to style our new pieces for your editorial audience.""`new BigDecimal(""7500.00"")`""4 weeks""`""3x Instagram Posts` 1x Reel""`""Instagram""`DEMO_INV_SPRING_B_OFFSET`null));"" is 295.",90,/builds/courses/2026-winter/csci-5308/group04/backend/src/main/java/com/group4/backend/config/init/DemoDataSeeder.java,Not refactored. Each line is intentional demo fixture data; breaking into many tiny methods would hide the seeding story; constants and savePayment helper address the main clarity issues.
group04,com.group4.backend.config.init,DemoDataSeeder,run,Long Statement,"The length of the statement ""saveInvitation(springFashion.getId()`fit1Id`brand.getId()`new InvitationData(InvitationStatus.PENDING`""Casey` we're exploring an activewear crossover with our spring line — interested?""`new BigDecimal(""3000.00"")`""3 weeks""`""2x Instagram Posts""`""Instagram""`DEMO_INV_SPRING_C_OFFSET`null));"" is 287.",90,/builds/courses/2026-winter/csci-5308/group04/backend/src/main/java/com/group4/backend/config/init/DemoDataSeeder.java,Not refactored. Each line is intentional demo fixture data; breaking into many tiny methods would hide the seeding story; constants and savePayment helper address the main clarity issues.
group04,com.group4.backend.config.init,DemoDataSeeder,run,Long Statement,"The length of the statement ""savePayment(springFashion.getId()`influencerId`brand.getId()`new PaymentData(""50% Upfront Deposit""`new BigDecimal(""600.00"")`PaymentStatus.PAID`LocalDate.of(DEMO_YEAR`DEMO_SPRING_START_MONTH`DEMO_PAY_SPRING_DUE_DAY)`LocalDate.of(DEMO_YEAR`DEMO_SPRING_START_MONTH`DEMO_PAY_SPRING_PAID_DAY)`""INV-2026-0003""`""50% upfront deposit — Spring Fashion Collection""));"" is 356.",90,/builds/courses/2026-winter/csci-5308/group04/backend/src/main/java/com/group4/backend/config/init/DemoDataSeeder.java,Not refactored. Each line is intentional demo fixture data; breaking into many tiny methods would hide the seeding story; constants and savePayment helper address the main clarity issues.
group04,com.group4.backend.config.init,DemoDataSeeder,run,Long Statement,"The length of the statement ""savePayment(springFashion.getId()`influencerId`brand.getId()`new PaymentData(""Final Delivery Payment""`new BigDecimal(""600.00"")`PaymentStatus.PENDING`LocalDate.of(DEMO_YEAR`DEMO_PAY_FINAL_DUE_MONTH`DEMO_PAY_FINAL_DUE_DAY)`null`""INV-2026-0004""`""Final payment on content delivery — Spring Fashion Collection""));"" is 308.",90,/builds/courses/2026-winter/csci-5308/group04/backend/src/main/java/com/group4/backend/config/init/DemoDataSeeder.java,Not refactored. Each line is intentional demo fixture data; breaking into many tiny methods would hide the seeding story; constants and savePayment helper address the main clarity issues.
group04,com.group4.backend.config.init,DemoDataSeeder,run,Long Statement,"The length of the statement ""Campaign gamingCampaign=saveCampaign(brand.getId()`new CampaignData(""Gaming Accessories Launch""`""Reach competitive gamers and streamers with our new high-performance peripherals lineup.""`BudgetRange.TEN_K_50K`CampaignStatus.ACTIVE`CampaignGoal.CONVERSIONS`""YouTube` Twitch` TikTok""`LocalDate.of(DEMO_YEAR`DEMO_GAMING_START_MONTH`DEMO_GAMING_START_DAY)`LocalDate.of(DEMO_YEAR`DEMO_GAMING_END_MONTH`DEMO_GAMING_END_DAY)`5));"" is 422.",90,/builds/courses/2026-winter/csci-5308/group04/backend/src/main/java/com/group4/backend/config/init/DemoDataSeeder.java,Not refactored. Each line is intentional demo fixture data; breaking into many tiny methods would hide the seeding story; constants and savePayment helper address the main clarity issues.
group04,com.group4.backend.config.init,DemoDataSeeder,run,Long Statement,"The length of the statement ""saveInvitation(gamingCampaign.getId()`gamer1Id`brand.getId()`new InvitationData(InvitationStatus.PENDING`""Taylor` your Twitch reach and authentic reviews are exactly what our gaming peripherals campaign needs.""`new BigDecimal(""5000.00"")`""4 weeks""`""1x Sponsored Stream (2h+)` 1x YouTube Integration""`""Twitch""`DEMO_INV_GAMING_OFFSET`null));"" is 338.",90,/builds/courses/2026-winter/csci-5308/group04/backend/src/main/java/com/group4/backend/config/init/DemoDataSeeder.java,Not refactored. Each line is intentional demo fixture data; breaking into many tiny methods would hide the seeding story; constants and savePayment helper address the main clarity issues.
group04,com.group4.backend.config.init,DemoDataSeeder,run,Magic Number,The method contains a magic number: 3,90,/builds/courses/2026-winter/csci-5308/group04/backend/src/main/java/com/group4/backend/config/init/DemoDataSeeder.java,Refactored. Campaign influencer-slot literals and demo star rating replaced with named constants.
group04,com.group4.backend.config.init,DemoDataSeeder,run,Magic Number,The method contains a magic number: 5,90,/builds/courses/2026-winter/csci-5308/group04/backend/src/main/java/com/group4/backend/config/init/DemoDataSeeder.java,Refactored. Campaign influencer-slot literals and demo star rating replaced with named constants.
group04,com.group4.backend.config.init,DemoDataSeeder,run,Magic Number,The method contains a magic number: 5,90,/builds/courses/2026-winter/csci-5308/group04/backend/src/main/java/com/group4/backend/config/init/DemoDataSeeder.java,Refactored. Campaign influencer-slot literals and demo star rating replaced with named constants.
group04,com.group4.backend.config.init,DemoDataSeeder,run,Magic Number,The method contains a magic number: 4,90,/builds/courses/2026-winter/csci-5308/group04/backend/src/main/java/com/group4/backend/config/init/DemoDataSeeder.java,Refactored. Campaign influencer-slot literals and demo star rating replaced with named constants.
group04,com.group4.backend.config.init,DemoDataSeeder,run,Magic Number,The method contains a magic number: 5,90,/builds/courses/2026-winter/csci-5308/group04/backend/src/main/java/com/group4/backend/config/init/DemoDataSeeder.java,Refactored. Campaign influencer-slot literals and demo star rating replaced with named constants.
group04,com.group4.backend.config.init,DemoDataSeeder,savePayment,Long Statement,"The length of the statement ""if (paymentRepository.findByCampaignIdOrderByDueDateAsc(campaignId).stream().anyMatch(p -> p.getInvoiceNumber().equals(data.invoiceNumber()))) return;"" is 150.",259,/builds/courses/2026-winter/csci-5308/group04/backend/src/main/java/com/group4/backend/config/init/DemoDataSeeder.java,Refactored. Duplicate-invoice check extracted to paymentInvoiceExistsForCampaign.
group04,com.group4.backend.config.init,DemoDataSeeder,saveRating,Long Parameter List,The method has 5 parameters. ,278,/builds/courses/2026-winter/csci-5308/group04/backend/src/main/java/com/group4/backend/config/init/DemoDataSeeder.java,Not refactored. Private helper with five primitives is clear for seeding; parameter object would add indirection for little gain.
group04,com.group4.backend.config.init,DataInitializer,upsertInfluencerProfile,Long Statement,"The length of the statement ""InfluencerProfile profile=influencerProfileRepository.findByUserId(influencerUser.getId()).orElseGet(InfluencerProfile::new);"" is 125.",106,/builds/courses/2026-winter/csci-5308/group04/backend/src/main/java/com/group4/backend/config/init/DataInitializer.java,Not refactored. Optional chain with orElseGet is idiomatic; length is formatting not logic bloat.
group04,com.group4.backend.config.init,DataInitializer,applyInfluencerDefaults,Complex Method,Cyclomatic complexity of the method is 11,117,/builds/courses/2026-winter/csci-5308/group04/backend/src/main/java/com/group4/backend/config/init/DataInitializer.java,Refactored. Split into applyInfluencerIdentityDefaults and applyInfluencerSocialAndMetricsDefaults to lower per-method complexity.
group04,com.group4.backend.config.init,DatabaseSeeder,buildMockInfluencers,Long Statement,"The length of the statement ""return Arrays.asList(new MockInfluencer(""gamer1@test.com""`""Taylor""`""Gaming""`""Esports champion and enthusiastic PC hardware reviewer.""`""Seattle` WA""`""1.2M YouTube` 500k Twitch""`RATE_GAMER_TAYLOR`""https://images.unsplash.com/photo-1542751371-adc38448a05e?q=80&w=200&h=200&fit=crop"")`new MockInfluencer(""gamer2@test.com""`""Jordan (Retro)""`""Gaming""`""Retro gaming console collector and passionate streamer.""`""Austin` TX""`""300k Twitch""`RATE_GAMER_JORDAN`""https://images.unsplash.com/photo-1548681528-6a5c45b66b42?q=80&w=200&h=200&fit=crop"")`new MockInfluencer(""gamer3@test.com""`""Alex FPS""`""Gaming""`""Competitive FPS player ranking top 10 globally.""`""Los Angeles` CA""`""800k TikTok` 2M YouTube""`RATE_GAMER_ALEX`""https://images.unsplash.com/photo-1511512578047-dfb367046420?q=80&w=200&h=200&fit=crop"")`new MockInfluencer(""tech1@test.com""`""Sam Gadgets""`""Technology""`""Unboxing the newest smartphones and wearables.""`""San Francisco` CA""`""3M YouTube""`RATE_TECH_SAM`""https://images.unsplash.com/photo-1527980965255-d3b416303d12?q=80&w=200&h=200&fit=crop"")`new MockInfluencer(""tech2@test.com""`""Morgan Codes""`""Technology""`""Software engineer sharing coding tips and setup aesthetics.""`""New York` NY""`""400k Instagram` 100k Twitter""`RATE_TECH_MORGAN`""https://images.unsplash.com/photo-1554151228-14d9def656e4?q=80&w=200&h=200&fit=crop"")`new MockInfluencer(""tech3@test.com""`""Riley AI""`""Technology""`""Deep dives into artificial intelligence and smart home tech.""`""London` UK""`""1.5M YouTube` 900k TikTok""`RATE_TECH_RILEY`""https://images.unsplash.com/photo-1438761681033-6461ffad8d80?q=80&w=200&h=200&fit=crop"")`new MockInfluencer(""fit1@test.com""`""Casey Lifts""`""Fitness""`""Powerlifting coach and nutrition expert.""`""Denver` CO""`""1M Instagram""`RATE_FITNESS_CASEY`""https://images.unsplash.com/photo-1517849845537-4d257902454a?q=80&w=200&h=200&fit=crop"")`new MockInfluencer(""fit2@test.com""`""Avery Yoga""`""Fitness""`""Mindful living and advanced Yoga practitioner.""`""San Diego` CA""`""500k TikTok""`RATE_FITNESS_AVERY`""https://images.unsplash.com/photo-1534528741775-53994a69daeb?q=80&w=200&h=200&fit=crop"")`new MockInfluencer(""fit3@test.com""`""Drew Runner""`""Fitness""`""Marathon runner sharing daily motivation and endurance tips.""`""Boston` MA""`""850k YouTube""`RATE_FITNESS_DREW`""https://images.unsplash.com/photo-1507003211169-0a1dd7228f2d?q=80&w=200&h=200&fit=crop"")`new MockInfluencer(""style1@test.com""`""Blake Couture""`""Fashion""`""High-end fashion editorial photographer and model.""`""Paris` FR""`""2.2M Instagram""`RATE_FASHION_BLAKE`""https://images.unsplash.com/photo-1524504388940-b1c1722653e1?q=80&w=200&h=200&fit=crop"")`new MockInfluencer(""style2@test.com""`""Jamie Streetwear""`""Fashion""`""Urban fashion trends` sneaker collector.""`""Tokyo` JP""`""1.1M TikTok""`RATE_FASHION_JAMIE`""https://images.unsplash.com/photo-1539571696357-5a69c17a67c6?q=80&w=200&h=200&fit=crop"")`new MockInfluencer(""style3@test.com""`""Robin Vintage""`""Fashion""`""Thrifting and sustainable vintage style enthusiast.""`""Portland` OR""`""450k Instagram""`RATE_FASHION_ROBIN`""https://images.unsplash.com/photo-1513379733131-47fc74b45fc7?q=80&w=200&h=200&fit=crop""));"" is 3086.",120,/builds/courses/2026-winter/csci-5308/group04/backend/src/main/java/com/group4/backend/config/init/DatabaseSeeder.java,Not refactored. Large Arrays.asList of fixture records is data; extracting would scatter mock influencer definitions.
group04,com.group4.backend.config.security,ApplicationConfig,userDetailsService,Long Statement,"The length of the statement ""return username -> userRepository.findByEmail(username).map(user -> org.springframework.security.core.userdetails.User.builder().username(user.getEmail()).password(user.getPassword()).roles(user.getRole().name()).disabled(!user.isActive()).build()).orElseThrow(() -> new UsernameNotFoundException(""User not found""));"" is 316.",25,/builds/courses/2026-winter/csci-5308/group04/backend/src/main/java/com/group4/backend/config/security/ApplicationConfig.java,Not refactored. Security filter chains and UserDetails lambda are typical Spring Security configuration density.
group04,com.group4.backend.config.security,SecurityConfig,securityFilterChain,Long Statement,"The length of the statement ""http.securityMatcher(""/api/**""`""/h2-console/**"").csrf(csrf -> csrf.disable()).cors(cors -> cors.configurationSource(corsConfigurationSource())).authorizeHttpRequests(auth -> auth.requestMatchers(""/api/auth/login""`""/api/auth/google""`""/api/auth/forgot-password""`""/api/auth/reset-password""`""/api/auth/register""`""/api/auth/confirm-email""`""/h2-console/**""`""/api/auth/**"").permitAll().requestMatchers(""/api/admin/**"").hasRole(""ADMIN"").anyRequest().authenticated()).headers(headers -> headers.frameOptions(frame -> frame.disable())).sessionManagement(sess -> sess.sessionCreationPolicy(SessionCreationPolicy.STATELESS)).authenticationProvider(authenticationProvider).addFilterBefore(jwtAuthFilter`UsernamePasswordAuthenticationFilter.class);"" is 734.",29,/builds/courses/2026-winter/csci-5308/group04/backend/src/main/java/com/group4/backend/config/security/SecurityConfig.java,Not refactored. Security filter chains and UserDetails lambda are typical Spring Security configuration density.
group04,com.group4.backend.config.security,SecurityConfig,corsConfigurationSource,Long Statement,"The length of the statement ""configuration.setAllowedOrigins(List.of(""http://localhost:5173""`""http://localhost:3000""`""http://localhost:5174""`""http://csci5308-vm2.research.cs.dal.ca:8073""`""http://csci5308-vm2.research.cs.dal.ca:8074""`""http://csci5308-vm5.research.cs.dal.ca:8073""`""http://localhost:8073""`""http://localhost:8074""));"" is 300.",57,/builds/courses/2026-winter/csci-5308/group04/backend/src/main/java/com/group4/backend/config/security/SecurityConfig.java,Not refactored. Security filter chains and UserDetails lambda are typical Spring Security configuration density.
group04,com.group4.backend.config.web,SpaWebConfig,addResourceHandlers,Long Statement,"The length of the statement ""registry.addResourceHandler(""/index.html""`""/*.js""`""/*.css""`""/*.ico""`""/*.png""`""/logo.png"").addResourceLocations(""classpath:/static/"");"" is 133.",21,/builds/courses/2026-winter/csci-5308/group04/backend/src/main/java/com/group4/backend/config/web/SpaWebConfig.java,Not refactored. Resource handler registration is declarative; line length is from many path patterns.
group04,com.group4.backend.service.ai,AiRecommendationService,getRecommendations,Long Statement,"The length of the statement ""prompt.append(""- An influencer whose niche is UNRELATED (e.g. Fashion influencer for a Tech campaign) must score BELOW 40.\n"");"" is 127.",44,/builds/courses/2026-winter/csci-5308/group04/backend/src/main/java/com/group4/backend/service/ai/AiRecommendationService.java,Not refactored. Prompt assembly and JSON parsing lines are inherently long text and Jackson usage.
group04,com.group4.backend.service.ai,AiRecommendationService,getRecommendations,Long Statement,"The length of the statement ""prompt.append(""Respond ONLY with a JSON object in this exact format: {\""recommendations\"": [{\""influencerId\"": 1` \""matchScore\"": 95` \""reason\"": \""string\""}]}\n\n"");"" is 166.",44,/builds/courses/2026-winter/csci-5308/group04/backend/src/main/java/com/group4/backend/service/ai/AiRecommendationService.java,Not refactored. Prompt assembly and JSON parsing lines are inherently long text and Jackson usage.
group04,com.group4.backend.service.ai,AiRecommendationService,getRecommendations,Long Statement,"The length of the statement ""prompt.append(""ID: "").append(inf.getUserId()).append("" | Name: "").append(inf.getName()).append("" | Niche: "").append(inf.getNiche()).append("" | Location: "").append(inf.getLocation()).append("" | Rate: $"").append(inf.getRate()).append(""\n"");"" is 238.",44,/builds/courses/2026-winter/csci-5308/group04/backend/src/main/java/com/group4/backend/service/ai/AiRecommendationService.java,Not refactored. Prompt assembly and JSON parsing lines are inherently long text and Jackson usage.
group04,com.group4.backend.service.ai,AiRecommendationService,getRecommendations,Long Statement,"The length of the statement ""List<InfluencerRecommendationDTO> recs=objectMapper.convertValue(recommendationsNode`new TypeReference<List<InfluencerRecommendationDTO>>(){"" is 140.",44,/builds/courses/2026-winter/csci-5308/group04/backend/src/main/java/com/group4/backend/service/ai/AiRecommendationService.java,Not refactored. Prompt assembly and JSON parsing lines are inherently long text and Jackson usage.
group04,com.group4.backend.service.auth,AuthService,login,Long Statement,"The length of the statement ""var user=userRepository.findByEmail(request.getEmail()).orElseThrow(() -> new UsernameNotFoundException(""User not found""));"" is 123.",33,/builds/courses/2026-winter/csci-5308/group04/backend/src/main/java/com/group4/backend/service/auth/AuthService.java,Not refactored. Standard find-or-throw with lambda message.
group04,com.group4.backend.service.auth,RegistrationService,RegistrationService,Long Parameter List,The method has 5 parameters. ,36,/builds/courses/2026-winter/csci-5308/group04/backend/src/main/java/com/group4/backend/service/auth/RegistrationService.java,Not refactored. Five-parameter constructor for Spring-managed dependencies.
group04,com.group4.backend.service.auth,RegistrationService,register,Long Statement,"The length of the statement ""PendingSignup pending=new PendingSignup(request.getEmail()`encodedPassword`request.getRole()`confirmationToken`expiresAt);"" is 122.",48,/builds/courses/2026-winter/csci-5308/group04/backend/src/main/java/com/group4/backend/service/auth/RegistrationService.java,Not refactored. Service flow uses normal try/catch and DTO construction; line length is tooling threshold not defect.
group04,com.group4.backend.service.auth,RegistrationService,register,Long Statement,"The length of the statement ""throw new RuntimeException(""Could not send confirmation email. Please check SMTP settings or try again later. "" + e.getMessage()`e);"" is 132.",48,/builds/courses/2026-winter/csci-5308/group04/backend/src/main/java/com/group4/backend/service/auth/RegistrationService.java,Not refactored. Service flow uses normal try/catch and DTO construction; line length is tooling threshold not defect.
group04,com.group4.backend.service.auth,RegistrationService,register,Long Statement,"The length of the statement ""return new SignupResponse(""Check your email to confirm your account. The link expires in "" + CONFIRMATION_EXPIRY_HOURS + "" hours."");"" is 132.",48,/builds/courses/2026-winter/csci-5308/group04/backend/src/main/java/com/group4/backend/service/auth/RegistrationService.java,Not refactored. Service flow uses normal try/catch and DTO construction; line length is tooling threshold not defect.
group04,com.group4.backend.service.auth,RegistrationService,confirmEmail,Long Statement,"The length of the statement ""PendingSignup pending=pendingSignupRepository.findByToken(token).orElseThrow(() -> new RuntimeException(""Invalid or expired confirmation link.""));"" is 146.",81,/builds/courses/2026-winter/csci-5308/group04/backend/src/main/java/com/group4/backend/service/auth/RegistrationService.java,Not refactored. Service flow uses normal try/catch and DTO construction; line length is tooling threshold not defect.
group04,com.group4.backend.service.campaign,CampaignReportService,CampaignReportService,Long Parameter List,The method has 5 parameters. ,30,/builds/courses/2026-winter/csci-5308/group04/backend/src/main/java/com/group4/backend/service/campaign/CampaignReportService.java,Not refactored. PDF/report dependencies injected via constructor; parameter count matches collaborators.
group04,com.group4.backend.service.campaign,CampaignReportService,generateCampaignReportPdf,Long Statement,"The length of the statement ""Campaign campaign=campaignRepository.findById(campaignId).filter(c -> brandUserId.equals(c.getUserId())).orElseThrow(() -> new IllegalArgumentException(""Campaign not found for this brand""));"" is 190.",42,/builds/courses/2026-winter/csci-5308/group04/backend/src/main/java/com/group4/backend/service/campaign/CampaignReportService.java,Not refactored. Repository filter and string concatenation for report lines are task-specific.
group04,com.group4.backend.service.campaign,CampaignReportService,generateCampaignReportPdf,Long Statement,"The length of the statement ""lines.add(""- "" + valueOrDash(payment.getMilestoneName()) + "" | ""+ payment.getStatus()+ "" | $""+ orZero(payment.getAmount()));"" is 124.",42,/builds/courses/2026-winter/csci-5308/group04/backend/src/main/java/com/group4/backend/service/campaign/CampaignReportService.java,Not refactored. Repository filter and string concatenation for report lines are task-specific.
group04,com.group4.backend.service.campaign,CampaignService,findByUserId,Long Statement,"The length of the statement ""return campaignRepository.findByUserIdOrderByCreatedAtDesc(userId).stream().map(this::toResponse).collect(Collectors.toList());"" is 127.",53,/builds/courses/2026-winter/csci-5308/group04/backend/src/main/java/com/group4/backend/service/campaign/CampaignService.java,Not refactored. Idiomatic stream map/collect to DTO list.
group04,com.group4.backend.service.campaign,InvitationService,InvitationService,Long Parameter List,The method has 7 parameters. ,44,/builds/courses/2026-winter/csci-5308/group04/backend/src/main/java/com/group4/backend/service/campaign/InvitationService.java,Not refactored. Seven repository/service dependencies via constructor is normal for this orchestration service.
group04,com.group4.backend.service.campaign,InvitationService,createInvitation,Long Statement,"The length of the statement ""Campaign campaign=campaignRepository.findById(campaignId).orElseThrow(() -> new IllegalArgumentException(""Campaign not found""));"" is 128.",60,/builds/courses/2026-winter/csci-5308/group04/backend/src/main/java/com/group4/backend/service/campaign/InvitationService.java,Not refactored. Repeated findById-orThrow and stream pipelines are standard service-layer patterns; wholesale extraction deferred as low ROI.
group04,com.group4.backend.service.campaign,InvitationService,createInvitation,Long Statement,"The length of the statement ""User influencer=userRepository.findById(request.getInfluencerId()).orElseThrow(() -> new IllegalArgumentException(""Influencer not found""));"" is 139.",60,/builds/courses/2026-winter/csci-5308/group04/backend/src/main/java/com/group4/backend/service/campaign/InvitationService.java,Not refactored. Repeated findById-orThrow and stream pipelines are standard service-layer patterns; wholesale extraction deferred as low ROI.
group04,com.group4.backend.service.campaign,InvitationService,createInvitation,Long Statement,"The length of the statement ""if (invitationRepository.findByCampaignIdAndInfluencerId(campaignId`request.getInfluencerId()).filter(inv -> inv.getStatus() == InvitationStatus.PENDING || inv.getStatus() == InvitationStatus.NEGOTIATING).isPresent()) {"" is 219.",60,/builds/courses/2026-winter/csci-5308/group04/backend/src/main/java/com/group4/backend/service/campaign/InvitationService.java,Not refactored. Repeated findById-orThrow and stream pipelines are standard service-layer patterns; wholesale extraction deferred as low ROI.
group04,com.group4.backend.service.campaign,InvitationService,createInvitation,Long Statement,"The length of the statement ""int days=request.getExpiresInDays() != null && request.getExpiresInDays() > 0 ? request.getExpiresInDays() : DEFAULT_EXPIRY_DAYS;"" is 129.",60,/builds/courses/2026-winter/csci-5308/group04/backend/src/main/java/com/group4/backend/service/campaign/InvitationService.java,Not refactored. Repeated findById-orThrow and stream pipelines are standard service-layer patterns; wholesale extraction deferred as low ROI.
group04,com.group4.backend.service.campaign,InvitationService,withdraw,Long Statement,"The length of the statement ""CollaborationInvitation inv=invitationRepository.findById(invitationId).orElseThrow(() -> new IllegalArgumentException(""Invitation not found""));"" is 144.",102,/builds/courses/2026-winter/csci-5308/group04/backend/src/main/java/com/group4/backend/service/campaign/InvitationService.java,Not refactored. Repeated findById-orThrow and stream pipelines are standard service-layer patterns; wholesale extraction deferred as low ROI.
group04,com.group4.backend.service.campaign,InvitationService,updateInvitation,Long Statement,"The length of the statement ""CollaborationInvitation inv=invitationRepository.findById(invitationId).orElseThrow(() -> new IllegalArgumentException(""Invitation not found""));"" is 144.",116,/builds/courses/2026-winter/csci-5308/group04/backend/src/main/java/com/group4/backend/service/campaign/InvitationService.java,Not refactored. Repeated findById-orThrow and stream pipelines are standard service-layer patterns; wholesale extraction deferred as low ROI.
group04,com.group4.backend.service.campaign,InvitationService,applyUpdateFields,Long Statement,"The length of the statement ""if (request.getProposedDeliverables() != null) inv.setProposedDeliverables(emptyToNull(request.getProposedDeliverables()));"" is 123.",131,/builds/courses/2026-winter/csci-5308/group04/backend/src/main/java/com/group4/backend/service/campaign/InvitationService.java,Not refactored. Repeated findById-orThrow and stream pipelines are standard service-layer patterns; wholesale extraction deferred as low ROI.
group04,com.group4.backend.service.campaign,InvitationService,getInvitationWithCampaignDetails,Long Statement,"The length of the statement ""CollaborationInvitation inv=invitationRepository.findById(invitationId).orElseThrow(() -> new IllegalArgumentException(""Invitation not found""));"" is 144.",139,/builds/courses/2026-winter/csci-5308/group04/backend/src/main/java/com/group4/backend/service/campaign/InvitationService.java,Not refactored. Repeated findById-orThrow and stream pipelines are standard service-layer patterns; wholesale extraction deferred as low ROI.
group04,com.group4.backend.service.campaign,InvitationService,respond,Long Statement,"The length of the statement ""CollaborationInvitation inv=invitationRepository.findById(invitationId).orElseThrow(() -> new IllegalArgumentException(""Invitation not found""));"" is 144.",155,/builds/courses/2026-winter/csci-5308/group04/backend/src/main/java/com/group4/backend/service/campaign/InvitationService.java,Not refactored. Repeated findById-orThrow and stream pipelines are standard service-layer patterns; wholesale extraction deferred as low ROI.
group04,com.group4.backend.service.campaign,InvitationService,respond,Long Statement,"The length of the statement ""InvitationStatus newStatus=""ACCEPT"".equalsIgnoreCase(request.getAction()) ? InvitationStatus.ACCEPTED : InvitationStatus.REJECTED;"" is 130.",155,/builds/courses/2026-winter/csci-5308/group04/backend/src/main/java/com/group4/backend/service/campaign/InvitationService.java,Not refactored. Repeated findById-orThrow and stream pipelines are standard service-layer patterns; wholesale extraction deferred as low ROI.
group04,com.group4.backend.service.campaign,InvitationService,negotiate,Long Statement,"The length of the statement ""CollaborationInvitation inv=invitationRepository.findById(invitationId).orElseThrow(() -> new IllegalArgumentException(""Invitation not found""));"" is 144.",178,/builds/courses/2026-winter/csci-5308/group04/backend/src/main/java/com/group4/backend/service/campaign/InvitationService.java,Not refactored. Repeated findById-orThrow and stream pipelines are standard service-layer patterns; wholesale extraction deferred as low ROI.
group04,com.group4.backend.service.campaign,InvitationService,getCollaborationHistory,Long Statement,"The length of the statement ""List<CollaborationInvitation> invitations=invitationRepository.findByInfluencerIdAndStatusIn(influencerId`HISTORY_STATUSES);"" is 124.",200,/builds/courses/2026-winter/csci-5308/group04/backend/src/main/java/com/group4/backend/service/campaign/InvitationService.java,Not refactored. Repeated findById-orThrow and stream pipelines are standard service-layer patterns; wholesale extraction deferred as low ROI.
group04,com.group4.backend.service.campaign,InvitationService,confirmTerms,Long Statement,"The length of the statement ""CollaborationInvitation inv=invitationRepository.findById(invitationId).orElseThrow(() -> new IllegalArgumentException(""Invitation not found""));"" is 144.",215,/builds/courses/2026-winter/csci-5308/group04/backend/src/main/java/com/group4/backend/service/campaign/InvitationService.java,Not refactored. Repeated findById-orThrow and stream pipelines are standard service-layer patterns; wholesale extraction deferred as low ROI.
group04,com.group4.backend.service.campaign,InvitationService,toResponse,Long Statement,"The length of the statement ""r.setDeliverableStatus(inv.getDeliverableStatus() != null ? inv.getDeliverableStatus().name() : DeliverableStatus.NOT_STARTED.name());"" is 134.",237,/builds/courses/2026-winter/csci-5308/group04/backend/src/main/java/com/group4/backend/service/campaign/InvitationService.java,Not refactored. Repeated findById-orThrow and stream pipelines are standard service-layer patterns; wholesale extraction deferred as low ROI.
group04,com.group4.backend.service.campaign,InvitationService,isPendingAndExpired,Long Statement,"The length of the statement ""return inv.getStatus() == InvitationStatus.PENDING && inv.getExpiresAt() != null && java.time.Instant.now().isAfter(inv.getExpiresAt());"" is 136.",266,/builds/courses/2026-winter/csci-5308/group04/backend/src/main/java/com/group4/backend/service/campaign/InvitationService.java,Not refactored. Repeated findById-orThrow and stream pipelines are standard service-layer patterns; wholesale extraction deferred as low ROI.
group04,com.group4.backend.service.campaign,InvitationService,updateDeliverableStatus,Long Statement,"The length of the statement ""CollaborationInvitation inv=invitationRepository.findById(invitationId).orElseThrow(() -> new IllegalArgumentException(""Invitation not found""));"" is 144.",272,/builds/courses/2026-winter/csci-5308/group04/backend/src/main/java/com/group4/backend/service/campaign/InvitationService.java,Not refactored. Repeated findById-orThrow and stream pipelines are standard service-layer patterns; wholesale extraction deferred as low ROI.
group04,com.group4.backend.service.campaign,InvitationService,approveDeliverable,Long Statement,"The length of the statement ""CollaborationInvitation inv=invitationRepository.findById(invitationId).orElseThrow(() -> new IllegalArgumentException(""Invitation not found""));"" is 144.",298,/builds/courses/2026-winter/csci-5308/group04/backend/src/main/java/com/group4/backend/service/campaign/InvitationService.java,Not refactored. Repeated findById-orThrow and stream pipelines are standard service-layer patterns; wholesale extraction deferred as low ROI.
group04,com.group4.backend.service.campaign,InvitationService,enrichResponses,Long Statement,"The length of the statement ""var influencerIds=invitations.stream().map(CollaborationInvitation::getInfluencerId).distinct().collect(Collectors.toList());"" is 125.",333,/builds/courses/2026-winter/csci-5308/group04/backend/src/main/java/com/group4/backend/service/campaign/InvitationService.java,Not refactored. Repeated findById-orThrow and stream pipelines are standard service-layer patterns; wholesale extraction deferred as low ROI.
group04,com.group4.backend.service.campaign,InvitationService,enrichResponses,Long Statement,"The length of the statement ""var campaignIds=invitations.stream().map(CollaborationInvitation::getCampaignId).distinct().collect(Collectors.toList());"" is 121.",333,/builds/courses/2026-winter/csci-5308/group04/backend/src/main/java/com/group4/backend/service/campaign/InvitationService.java,Not refactored. Repeated findById-orThrow and stream pipelines are standard service-layer patterns; wholesale extraction deferred as low ROI.
group04,com.group4.backend.service.campaign,InvitationService,enrichResponses,Long Statement,"The length of the statement ""Map<Long`BrandProfile> brandMap=brandIds.stream().map(id -> brandProfileRepository.findByUserId(id).orElse(null)).filter(p -> p != null).collect(Collectors.toMap(BrandProfile::getUserId`Function.identity()`(a`b) -> a));"" is 219.",333,/builds/courses/2026-winter/csci-5308/group04/backend/src/main/java/com/group4/backend/service/campaign/InvitationService.java,Not refactored. Repeated findById-orThrow and stream pipelines are standard service-layer patterns; wholesale extraction deferred as low ROI.
group04,com.group4.backend.service.campaign,InvitationService,enrichResponses,Long Statement,"The length of the statement ""Map<Long`InfluencerProfile> influencerMap=influencerIds.stream().map(id -> influencerProfileRepository.findByUserId(id).orElse(null)).filter(p -> p != null).collect(Collectors.toMap(InfluencerProfile::getUserId`Function.identity()`(a`b) -> a));"" is 244.",333,/builds/courses/2026-winter/csci-5308/group04/backend/src/main/java/com/group4/backend/service/campaign/InvitationService.java,Not refactored. Repeated findById-orThrow and stream pipelines are standard service-layer patterns; wholesale extraction deferred as low ROI.
group04,com.group4.backend.service.campaign,InvitationService,enrichResponses,Long Statement,"The length of the statement ""Map<Long`Campaign> campaignMap=campaignIds.stream().map(id -> campaignRepository.findById(id).orElse(null)).filter(c -> c != null).collect(Collectors.toMap(Campaign::getId`Function.identity()`(a`b) -> a));"" is 205.",333,/builds/courses/2026-winter/csci-5308/group04/backend/src/main/java/com/group4/backend/service/campaign/InvitationService.java,Not refactored. Repeated findById-orThrow and stream pipelines are standard service-layer patterns; wholesale extraction deferred as low ROI.
group04,com.group4.backend.service.email,ConsoleEmailService,logActive,Long Statement,"The length of the statement ""log.warn(""Email: SMTP not configured (no spring.mail.host). Confirmation links will only be printed in backend logs` not sent by email."");"" is 138.",20,/builds/courses/2026-winter/csci-5308/group04/backend/src/main/java/com/group4/backend/service/email/ConsoleEmailService.java,Not refactored. Email body strings are content; breaking strings does not reduce implementation smell meaningfully.
group04,com.group4.backend.service.email,SmtpEmailService,sendConfirmationEmail,Long Statement,"The length of the statement ""message.setText(""Welcome to Collabry!\n\n"" + ""Please confirm your email by clicking the link below:\n\n"" + confirmationLinkOrToken + ""\n\n""+ ""If you did not create an account` you can ignore this email.\n\n""+ ""â€” The Collabry Team"");"" is 234.",39,/builds/courses/2026-winter/csci-5308/group04/backend/src/main/java/com/group4/backend/service/email/SmtpEmailService.java,Not refactored. Email body strings are content; breaking strings does not reduce implementation smell meaningfully.
group04,com.group4.backend.service.email,SmtpEmailService,sendPasswordResetEmail,Long Statement,"The length of the statement ""message.setText(""You requested a password reset for your Collabry account.\n\n"" + ""Click the link below to set a new password:\n\n"" + resetLink + ""\n\n""+ ""This link expires in 1 hour. If you did not request a reset` you can ignore this email.\n\n""+ ""â€” The Collabry Team"");"" is 274.",63,/builds/courses/2026-winter/csci-5308/group04/backend/src/main/java/com/group4/backend/service/email/SmtpEmailService.java,Not refactored. Email body strings are content; breaking strings does not reduce implementation smell meaningfully.
group04,com.group4.backend.service.media,CloudinaryService,uploadImage,Long Statement,"The length of the statement ""Transformation transformation=new Transformation().width(IMAGE_MAX_DIMENSION).height(IMAGE_MAX_DIMENSION).crop(""limit"").quality(""auto"").fetchFormat(""auto"");"" is 156.",23,/builds/courses/2026-winter/csci-5308/group04/backend/src/main/java/com/group4/backend/service/media/CloudinaryService.java,Not refactored. Cloudinary options map and transformation are API-driven one-off setup.
group04,com.group4.backend.service.media,CloudinaryService,uploadImage,Long Statement,"The length of the statement ""Map<String`Object> options=ObjectUtils.asMap(""folder""`folder`""resource_type""`""image""`""allowed_formats""`new String[]{""jpg""`""jpeg""`""png""`""gif""`""webp""}`""transformation""`transformation);"" is 182.",23,/builds/courses/2026-winter/csci-5308/group04/backend/src/main/java/com/group4/backend/service/media/CloudinaryService.java,Not refactored. Cloudinary options map and transformation are API-driven one-off setup.
group04,com.group4.backend.service.payment,PaymentService,createPayment,Long Statement,"The length of the statement ""Campaign campaign=campaignRepository.findById(request.getCampaignId()).orElseThrow(() -> new IllegalArgumentException(""Campaign not found""));"" is 141.",31,/builds/courses/2026-winter/csci-5308/group04/backend/src/main/java/com/group4/backend/service/payment/PaymentService.java,Not refactored. Repository access and stream mapping one-liners.
group04,com.group4.backend.service.payment,PaymentService,getPaymentsForInfluencer,Long Statement,"The length of the statement ""return paymentRepository.findByInfluencerIdOrderByDueDateDesc(influencerId).stream().map(this::toResponse).collect(Collectors.toList());"" is 136.",55,/builds/courses/2026-winter/csci-5308/group04/backend/src/main/java/com/group4/backend/service/payment/PaymentService.java,Not refactored. Repository access and stream mapping one-liners.
group04,com.group4.backend.service.payment,PaymentService,getPaymentsForCampaign,Long Statement,"The length of the statement ""Campaign campaign=campaignRepository.findById(campaignId).orElseThrow(() -> new IllegalArgumentException(""Campaign not found""));"" is 128.",62,/builds/courses/2026-winter/csci-5308/group04/backend/src/main/java/com/group4/backend/service/payment/PaymentService.java,Not refactored. Repository access and stream mapping one-liners.
group04,com.group4.backend.service.payment,PaymentService,getPaymentsForCampaign,Long Statement,"The length of the statement ""return paymentRepository.findByCampaignIdOrderByDueDateAsc(campaignId).stream().map(this::toResponse).collect(Collectors.toList());"" is 131.",62,/builds/courses/2026-winter/csci-5308/group04/backend/src/main/java/com/group4/backend/service/payment/PaymentService.java,Not refactored. Repository access and stream mapping one-liners.
group04,com.group4.backend.service.payment,PaymentService,updatePaymentStatus,Long Statement,"The length of the statement ""Payment payment=paymentRepository.findById(paymentId).orElseThrow(() -> new IllegalArgumentException(""Payment not found""));"" is 123.",76,/builds/courses/2026-winter/csci-5308/group04/backend/src/main/java/com/group4/backend/service/payment/PaymentService.java,Not refactored. Repository access and stream mapping one-liners.
group04,com.group4.backend.service.payment,PaymentService,getDelayedPayments,Long Statement,"The length of the statement ""return paymentRepository.findByBrandIdAndStatus(brandId`PaymentStatus.DELAYED).stream().map(this::toResponse).collect(Collectors.toList());"" is 139.",94,/builds/courses/2026-winter/csci-5308/group04/backend/src/main/java/com/group4/backend/service/payment/PaymentService.java,Not refactored. Repository access and stream mapping one-liners.
group04,com.group4.backend.service.payment,PaymentService,markOverduePaymentsAsDelayed,Long Statement,"The length of the statement ""List<Payment> overduePayments=paymentRepository.findByBrandIdAndStatusAndDueDateBefore(brandId`PaymentStatus.PENDING`LocalDate.now());"" is 134.",103,/builds/courses/2026-winter/csci-5308/group04/backend/src/main/java/com/group4/backend/service/payment/PaymentService.java,Not refactored. Repository access and stream mapping one-liners.
group04,com.group4.backend.service.payment,PaymentService,getInvoice,Long Statement,"The length of the statement ""Payment payment=paymentRepository.findById(paymentId).orElseThrow(() -> new IllegalArgumentException(""Payment not found""));"" is 123.",112,/builds/courses/2026-winter/csci-5308/group04/backend/src/main/java/com/group4/backend/service/payment/PaymentService.java,Not refactored. Repository access and stream mapping one-liners.
group04,com.group4.backend.service.profile,InfluencerSearchRanker,relevanceScore,Long Statement,"The length of the statement ""return nicheScore(p`filter.niche()) + locationScore(p`filter.location()) + engagementScore(p)+ followerScore(p)+ followerCenterScore(p`filter.minFollowers()`filter.maxFollowers());"" is 180.",26,/builds/courses/2026-winter/csci-5308/group04/backend/src/main/java/com/group4/backend/service/profile/InfluencerSearchRanker.java,Not refactored. Scoring combines multiple dimensions in one return; splitting possible but optional.
group04,com.group4.backend.service.profile,RatingService,submitRating,Long Statement,"The length of the statement ""CollaborationInvitation inv=invitationRepository.findById(request.getInvitationId()).orElseThrow(() -> new IllegalArgumentException(""Invitation not found""));"" is 157.",27,/builds/courses/2026-winter/csci-5308/group04/backend/src/main/java/com/group4/backend/service/profile/RatingService.java,Not refactored. Repository access and stream mapping one-liners.
group04,com.group4.backend.service.profile,RatingService,getRatingsForInfluencer,Long Statement,"The length of the statement ""return ratingRepository.findByInfluencerIdOrderByCreatedAtDesc(influencerId).stream().map(this::toResponse).collect(Collectors.toList());"" is 137.",49,/builds/courses/2026-winter/csci-5308/group04/backend/src/main/java/com/group4/backend/service/profile/RatingService.java,Not refactored. Repository access and stream mapping one-liners.
group04,com.group4.backend.service.profile,RatingService,getRecentReviews,Long Statement,"The length of the statement ""return ratingRepository.findByInfluencerIdOrderByCreatedAtDesc(influencerId).stream().limit(limit).map(this::toResponse).collect(Collectors.toList());"" is 150.",62,/builds/courses/2026-winter/csci-5308/group04/backend/src/main/java/com/group4/backend/service/profile/RatingService.java,Not refactored. Repository access and stream mapping one-liners.
group04,com.group4.backend.service.profile,InfluencerProfileService,search,Long Statement,"The length of the statement ""profiles.sort(Comparator.comparingDouble(( InfluencerProfile p) -> -InfluencerSearchRanker.relevanceScore(p`filter)).thenComparing(InfluencerProfile::getCreatedAt`Comparator.nullsLast(Comparator.reverseOrder())));"" is 213.",43,/builds/courses/2026-winter/csci-5308/group04/backend/src/main/java/com/group4/backend/service/profile/InfluencerProfileService.java,Not refactored. Sort comparator and repository lookups are domain-specific; length is not accidental complexity.
group04,com.group4.backend.service.profile,InfluencerProfileService,updateCollaborationAvailability,Long Statement,"The length of the statement ""InfluencerProfile profile=influencerProfileRepository.findByUserId(userId).orElseThrow(() -> new IllegalArgumentException(""Influencer profile not found""));"" is 155.",145,/builds/courses/2026-winter/csci-5308/group04/backend/src/main/java/com/group4/backend/service/profile/InfluencerProfileService.java,Not refactored. Standard findById-orElseThrow; character-count threshold only.
group04,com.group4.backend.service.user,UserService,linkSocialAccount,Complex Method,Cyclomatic complexity of the method is 9,44,/builds/courses/2026-winter/csci-5308/group04/backend/src/main/java/com/group4/backend/service/user/UserService.java,Refactored. Extracted applyInfluencerSocialLink and applyBrandSocialLink with switch on platform to reduce cyclomatic complexity.
group04,com.group4.backend.service.user,UserService,linkSocialAccount,Long Statement,"The length of the statement ""User user=userRepository.findById(userId).orElseThrow(() -> new IllegalArgumentException(""User not found with ID: "" + userId));"" is 127.",44,/builds/courses/2026-winter/csci-5308/group04/backend/src/main/java/com/group4/backend/service/user/UserService.java,Not refactored as a separate edit. Same method was simplified alongside the Complex Method finding.
group04,com.group4.backend.service.user,VerificationService,VerificationService,Long Parameter List,The method has 5 parameters. ,32,/builds/courses/2026-winter/csci-5308/group04/backend/src/main/java/com/group4/backend/service/user/VerificationService.java,Not refactored. Constructor injection of repositories and related services.
group04,com.group4.backend.service.user,VerificationService,listPendingRequests,Long Statement,"The length of the statement ""return new AdminVerificationRequestDto(request.getId()`request.getUserId()`user != null ? user.getEmail() : ""Unknown""`user != null ? user.getRole() : null`request.getStatus()`request.getAdminReason()`request.getCreatedAt()`request.getUpdatedAt());"" is 247.",76,/builds/courses/2026-winter/csci-5308/group04/backend/src/main/java/com/group4/backend/service/user/VerificationService.java,Not refactored. DTO mapping and find-or-throw patterns typical for admin verification flow.
group04,com.group4.backend.service.user,VerificationService,processRequest,Long Statement,"The length of the statement ""VerificationRequest request=verificationRequestRepository.findById(requestId).orElseThrow(() -> new IllegalArgumentException(""Verification request not found""));"" is 160.",99,/builds/courses/2026-winter/csci-5308/group04/backend/src/main/java/com/group4/backend/service/user/VerificationService.java,Not refactored. DTO mapping and find-or-throw patterns typical for admin verification flow.
group04,com.group4.backend.service.user,VerificationService,processRequest,Long Statement,"The length of the statement ""User user=userRepository.findById(request.getUserId()).orElseThrow(() -> new IllegalArgumentException(""User association lost""));"" is 128.",99,/builds/courses/2026-winter/csci-5308/group04/backend/src/main/java/com/group4/backend/service/user/VerificationService.java,Not refactored. DTO mapping and find-or-throw patterns typical for admin verification flow.
group04,com.group4.backend.service.user,VerificationService,toResponse,Long Statement,"The length of the statement ""return new VerificationStatusResponse(request.getStatus()`request.getAdminReason()`request.getCreatedAt()`request.getUpdatedAt());"" is 130.",139,/builds/courses/2026-winter/csci-5308/group04/backend/src/main/java/com/group4/backend/service/user/VerificationService.java,Not refactored. DTO mapping and find-or-throw patterns typical for admin verification flow.
group04,com.group4.backend.service.admin,AdminService,buildDashboard,Long Statement,"The length of the statement ""var collabPage=invitationRepository.findByStatusOrderByUpdatedAtDesc(InvitationStatus.ACCEPTED`PageRequest.of(0`DASHBOARD_LIST_LIMIT));"" is 135.",49,/builds/courses/2026-winter/csci-5308/group04/backend/src/main/java/com/group4/backend/service/admin/AdminService.java,Not refactored. Dashboard aggregation uses repository calls; line length from chained configuration.
